{
  "kind": "books#volumes",
  "totalItems": 1000000,
  "items": [
    {
      "kind": "books#volume",
      "id": "P_rXAAAAMAAJ",
      "etag": "fuLfSl3V7a4",
      "selfLink": "https://books.googleapis.com/books/v1/volumes/P_rXAAAAMAAJ",
      "volumeInfo": {
        "title": "تفسير القرأن الكريم",
        "authors": [
          "صدر الدين شيرازي، محمد بن إبراھيم"
        ],
        "publishedDate": "1998",
        "industryIdentifiers": [
          {
            "type": "OTHER",
            "identifier": "UOM:39015060242974"
          }
        ],
        "readingModes": {
          "text": false,
          "image": false
        },
        "pageCount": 452,
        "printType": "BOOK",
        "categories": [
          "Koran"
        ],
        "maturityRating": "NOT_MATURE",
        "allowAnonLogging": false,
        "contentVersion": "1.5.5.0.preview.0",
        "panelizationSummary": {
          "containsEpubBubbles": false,
          "containsImageBubbles": false
        },
        "imageLinks": {
          "smallThumbnail": "http://books.google.com/books/content?id=P_rXAAAAMAAJ&printsec=frontcover&img=1&zoom=5&source=gbs_api",
          "thumbnail": "http://books.google.com/books/content?id=P_rXAAAAMAAJ&printsec=frontcover&img=1&zoom=1&source=gbs_api"
        },
        "language": "ar",
        "previewLink": "http://books.google.com/books?id=P_rXAAAAMAAJ&q=%D9%81%D8%B3%D9%8A%D8%B1+%D8%A7%D9%84%D9%82%D8%B1%D8%A3%D9%86&dq=%D9%81%D8%B3%D9%8A%D8%B1+%D8%A7%D9%84%D9%82%D8%B1%D8%A3%D9%86&hl=&as_pt=BOOKS&cd=1&source=gbs_api",
        "infoLink": "http://books.google.com/books?id=P_rXAAAAMAAJ&dq=%D9%81%D8%B3%D9%8A%D8%B1+%D8%A7%D9%84%D9%82%D8%B1%D8%A3%D9%86&hl=&as_pt=BOOKS&source=gbs_api",
        "canonicalVolumeLink": "https://books.google.com/books/about/%D8%AA%D9%81%D8%B3%D9%8A%D8%B1_%D8%A7%D9%84%D9%82%D8%B1%D8%A3%D9%86_%D8%A7%D9%84%D9%83%D8%B1%D9%8A%D9%85.html?hl=&id=P_rXAAAAMAAJ"
      },
      "saleInfo": {
        "country": "PS",
        "saleability": "NOT_FOR_SALE",
        "isEbook": false
      },
      "accessInfo": {
        "country": "PS",
        "viewability": "NO_PAGES",
        "embeddable": false,
        "publicDomain": false,
        "textToSpeechPermission": "ALLOWED",
        "epub": {
          "isAvailable": false
        },
        "pdf": {
          "isAvailable": false
        },
        "webReaderLink": "http://play.google.com/books/reader?id=P_rXAAAAMAAJ&hl=&as_pt=BOOKS&source=gbs_api",
        "accessViewStatus": "NONE",
        "quoteSharingAllowed": false
      },
      "searchInfo": {
        "textSnippet": "... المعاني على اشرف وجه وآكده هو \u003cb\u003eالقرآن\u003c/b\u003e المجيد الذي لا يأتيه الباطل من بين يديه ولا من خلفه تنزيل من حكيم حميد ( ٢ ) كما قال : تنزيل العزيز الرحيم ﴾ [ ٥ ] : وقرىء بالرفع على انه خبر مبتدأ محذوف ، وبالنصب على تقدير « أعني » ، وبالجر على&nbsp;..."
      }
    },
    {
      "kind": "books#volume",
      "id": "xNfc3ZhnyuQC",
      "etag": "BTCWUXNnWPA",
      "selfLink": "https://books.googleapis.com/books/v1/volumes/xNfc3ZhnyuQC",
      "volumeInfo": {
        "title": "تفسير القرآن الجليل",
        "subtitle": "المسمى لباب التأويل في معاني التنزيل",
        "authors": [
          "“ال”خازن البغدادي، علي بن محمد،"
        ],
        "publishedDate": "1894",
        "industryIdentifiers": [
          {
            "type": "OTHER",
            "identifier": "NLI:2112060-10"
          }
        ],
        "readingModes": {
          "text": false,
          "image": true
        },
        "pageCount": 520,
        "printType": "BOOK",
        "maturityRating": "NOT_MATURE",
        "allowAnonLogging": false,
        "contentVersion": "0.3.4.0.full.1",
        "panelizationSummary": {
          "containsEpubBubbles": false,
          "containsImageBubbles": false
        },
        "imageLinks": {
          "smallThumbnail": "http://books.google.com/books/content?id=xNfc3ZhnyuQC&printsec=frontcover&img=1&zoom=5&edge=curl&source=gbs_api",
          "thumbnail": "http://books.google.com/books/content?id=xNfc3ZhnyuQC&printsec=frontcover&img=1&zoom=1&edge=curl&source=gbs_api"
        },
        "language": "ar",
        "previewLink": "http://books.google.com/books?id=xNfc3ZhnyuQC&pg=PA108&dq=%D9%81%D8%B3%D9%8A%D8%B1+%D8%A7%D9%84%D9%82%D8%B1%D8%A3%D9%86&hl=&as_pt=BOOKS&cd=2&source=gbs_api",
        "infoLink": "https://play.google.com/store/books/details?id=xNfc3ZhnyuQC&source=gbs_api",
        "canonicalVolumeLink": "https://play.google.com/store/books/details?id=xNfc3ZhnyuQC"
      },
      "saleInfo": {
        "country": "PS",
        "saleability": "FREE",
        "isEbook": true,
        "buyLink": "https://play.google.com/store/books/details?id=xNfc3ZhnyuQC&rdid=book-xNfc3ZhnyuQC&rdot=1&source=gbs_api"
      },
      "accessInfo": {
        "country": "PS",
        "viewability": "ALL_PAGES",
        "embeddable": true,
        "publicDomain": true,
        "textToSpeechPermission": "ALLOWED",
        "epub": {
          "isAvailable": false,
          "downloadLink": "http://books.google.com/books/download/%D8%AA%D9%81%D8%B3%D9%8A%D8%B1_%D8%A7%D9%84%D9%82%D8%B1%D8%A2%D9%86_%D8%A7%D9%84%D8%AC%D9%84%D9%8A%D9%84.epub?id=xNfc3ZhnyuQC&hl=&output=epub&source=gbs_api"
        },
        "pdf": {
          "isAvailable": false
        },
        "webReaderLink": "http://play.google.com/books/reader?id=xNfc3ZhnyuQC&hl=&as_pt=BOOKS&source=gbs_api",
        "accessViewStatus": "FULL_PUBLIC_DOMAIN",
        "quoteSharingAllowed": false
      },
      "searchInfo": {
        "textSnippet": "... \u003cb\u003eيقرأ القرآن\u003c/b\u003e القبلة الى الكعبة أنزل الله هذه الاية فقال تعالى ليس البر أن تولوا وجوهكم أي في صلاتكم قبل المشرق \u003cb\u003eالقرأن\u003c/b\u003e ولكن البر وقرى والمغرب ولا تعمل وا ذلك ( ولكن البر ) يعنى ما بينته الحكم والبراسم جامع لكل الطاعات وأعمال الخير المقربة&nbsp;..."
      }
    },
    {
      "kind": "books#volume",
      "id": "j-9lCwAAQBAJ",
      "etag": "0nMiyJROMYM",
      "selfLink": "https://books.googleapis.com/books/v1/volumes/j-9lCwAAQBAJ",
      "volumeInfo": {
        "title": "التفسير العصرى للقرآن الكريم - روح القرآن",
        "subtitle": "التفسير العصرى للقرآن الكريم - روح القرآن",
        "publisher": "Dr. Tarek M. Abdelhamid",
        "publishedDate": "2016-01-15",
        "description": "وكذلك أوحينا إليك روحا من أمرنا ما كنت تدري ما الكتاب ولا الإيمان ولكن جعلناه نورا نهدي به من نشاء من عبادنا وإنك لتهدي إلى صراط مستقيم",
        "readingModes": {
          "text": false,
          "image": true
        },
        "pageCount": 653,
        "printType": "BOOK",
        "maturityRating": "NOT_MATURE",
        "allowAnonLogging": true,
        "contentVersion": "0.1.0.0.preview.1",
        "panelizationSummary": {
          "containsEpubBubbles": false,
          "containsImageBubbles": false
        },
        "imageLinks": {
          "smallThumbnail": "http://books.google.com/books/content?id=j-9lCwAAQBAJ&printsec=frontcover&img=1&zoom=5&edge=curl&source=gbs_api",
          "thumbnail": "http://books.google.com/books/content?id=j-9lCwAAQBAJ&printsec=frontcover&img=1&zoom=1&edge=curl&source=gbs_api"
        },
        "language": "ar",
        "previewLink": "http://books.google.com/books?id=j-9lCwAAQBAJ&pg=PA297&dq=%D9%81%D8%B3%D9%8A%D8%B1+%D8%A7%D9%84%D9%82%D8%B1%D8%A3%D9%86&hl=&as_pt=BOOKS&cd=3&source=gbs_api",
        "infoLink": "http://books.google.com/books?id=j-9lCwAAQBAJ&dq=%D9%81%D8%B3%D9%8A%D8%B1+%D8%A7%D9%84%D9%82%D8%B1%D8%A3%D9%86&hl=&as_pt=BOOKS&source=gbs_api",
        "canonicalVolumeLink": "https://books.google.com/books/about/%D8%A7%D9%84%D8%AA%D9%81%D8%B3%D9%8A%D8%B1_%D8%A7%D9%84%D8%B9%D8%B5%D8%B1%D9%89_%D9%84%D9%84%D9%82%D8%B1%D8%A2%D9%86.html?hl=&id=j-9lCwAAQBAJ"
      },
      "saleInfo": {
        "country": "PS",
        "saleability": "NOT_FOR_SALE",
        "isEbook": false
      },
      "accessInfo": {
        "country": "PS",
        "viewability": "PARTIAL",
        "embeddable": true,
        "publicDomain": false,
        "textToSpeechPermission": "ALLOWED",
        "epub": {
          "isAvailable": false
        },
        "pdf": {
          "isAvailable": true,
          "acsTokenLink": "http://books.google.com/books/download/%D8%A7%D9%84%D8%AA%D9%81%D8%B3%D9%8A%D8%B1_%D8%A7%D9%84%D8%B9%D8%B5%D8%B1%D9%89_%D9%84%D9%84%D9%82%D8%B1%D8%A2%D9%86-sample-pdf.acsm?id=j-9lCwAAQBAJ&format=pdf&output=acs4_fulfillment_token&dl_type=sample&source=gbs_api"
        },
        "webReaderLink": "http://play.google.com/books/reader?id=j-9lCwAAQBAJ&hl=&as_pt=BOOKS&source=gbs_api",
        "accessViewStatus": "SAMPLE",
        "quoteSharingAllowed": false
      },
      "searchInfo": {
        "textSnippet": "\u003cb\u003eالتفسير\u003c/b\u003e العصرى \u003cb\u003eللقرآن\u003c/b\u003e الكريم - روح \u003cb\u003eالقرآن\u003c/b\u003e. ( 59-58 ) كان موقف \u003cb\u003eالقرآن\u003c/b\u003e واضحاً في تحريم و تجريم وأد الإناث أى قتل الأطفال الإناث ودفنهن و هن لازلن على قيد الحياة كما كان يمارسه بعض عرب الجاهلية ، و قد سفه \u003cb\u003eالقرأن\u003c/b\u003e من فكرهم وإعتقادهم أن المرأة&nbsp;..."
      }
    },
    {
      "kind": "books#volume",
      "id": "X-ABEQAAQBAJ",
      "etag": "VMw32KZVmzk",
      "selfLink": "https://books.googleapis.com/books/v1/volumes/X-ABEQAAQBAJ",
      "volumeInfo": {
        "title": "التذييل في القرأن الكريم من خلال تفسير التحرير و التنوير مقاربة حجاجية",
        "authors": [
          "د. محمد توفيق هميمي",
          "مركز الكتاب الاكاديمي"
        ],
        "publisher": "مركز الكتاب الأكاديمي ",
        "publishedDate": "2024-04-13",
        "description": "التذييل ظاهرة لافتة في الكلام العربي. وفي النثر والشعر والقرآن يترتب في المقاطع المتأخرة في الكلام بحسب نية المتكلم وما يقتضيه موقف المتلقي. وهي زيادة في الكلام، إما بقصد الجمالية والاستمتاع، أو بقصد التأكيد والإقناع. و في كليهما، يستحضر الإبداع، وينقسم التذييل إلى عدة أقسام. فتارة ينظر إليه من حيث حدوثه وينقسم إلى قسمين، وتارة ينظر إليه من حيث أهميته وينقسم أيضا إلى قسمين، وتارة أخرى ينظر إليه من حيث موقعه. الجملة المفردة والمضاعفة والمتضاعفة وحتى الواقعة، مؤلفة من أنواع مختلفة، منها الاستفهام، والنفي، والإثبات، والشرط، والقسم. ويستخدم أساليب بلاغية أخرى ذات خصائص فريدة، مثل الاعتراض والانحراف. وقد يأتي بعد الجملة المرفقة، متصلا بها بأشد ما يكون، وقد يكون بينهما مسافة وانفصال أيضا، ويخدم جميع الأغراض، ويقع في موضع الحجة للمعاني المذكورة أعلاه. فكما كان ينظر إلى الذيل بمعناه الجسدي باستخفاف واستخفاف، وجد من يقلب هذا الفهم رأساً على عقب. كما كان هناك من المهتمين باللغة الذين لم يهتموا بتعريفها، رغم مكانتها الملحوظة في الشعر والمواعظ العربية، وكان ما في القرآن يتجلى أكثر فأكثر. ومن بين هؤلاء المفسرين واللغويين وجدنا من يقدر التنيل حقا ويدرك مكانته القوية وقيمته القيمة، لأنه يقوم بمهمتين متوازيتين: العمل البلاغي بمعناه الضيق، بحيث اقتصر على التمثيلات الجمالية للمتعة. مما جعله يصنف ضمن الابتكارات، والعمل الجدلي، أو الإقناعي، أو البلاغي بمعناه الواسع. المناظرات اللفظية، والخطب الشعبية، والرسائل ذات الطابع السياسي، حيث أن استحضارها في الخطاب يعني استخدامها كوسيلة للحجاج والإقناع والسيطرة اللفظية. كانت الوظيفة الأولى هي الترفيه، بينما كانت الوظيفة الثانية هي الإقناع",
        "industryIdentifiers": [
          {
            "type": "ISBN_13",
            "identifier": "9789957355708"
          },
          {
            "type": "ISBN_10",
            "identifier": "9957355708"
          }
        ],
        "readingModes": {
          "text": false,
          "image": true
        },
        "pageCount": 148,
        "printType": "BOOK",
        "categories": [
          "Language Arts & Disciplines"
        ],
        "maturityRating": "NOT_MATURE",
        "allowAnonLogging": false,
        "contentVersion": "0.1.1.0.preview.1",
        "panelizationSummary": {
          "containsEpubBubbles": false,
          "containsImageBubbles": false
        },
        "imageLinks": {
          "smallThumbnail": "http://books.google.com/books/content?id=X-ABEQAAQBAJ&printsec=frontcover&img=1&zoom=5&edge=curl&source=gbs_api",
          "thumbnail": "http://books.google.com/books/content?id=X-ABEQAAQBAJ&printsec=frontcover&img=1&zoom=1&edge=curl&source=gbs_api"
        },
        "language": "ar",
        "previewLink": "http://books.google.com/books?id=X-ABEQAAQBAJ&pg=PA63&dq=%D9%81%D8%B3%D9%8A%D8%B1+%D8%A7%D9%84%D9%82%D8%B1%D8%A3%D9%86&hl=&as_pt=BOOKS&cd=4&source=gbs_api",
        "infoLink": "http://books.google.com/books?id=X-ABEQAAQBAJ&dq=%D9%81%D8%B3%D9%8A%D8%B1+%D8%A7%D9%84%D9%82%D8%B1%D8%A3%D9%86&hl=&as_pt=BOOKS&source=gbs_api",
        "canonicalVolumeLink": "https://books.google.com/books/about/%D8%A7%D9%84%D8%AA%D8%B0%D9%8A%D9%8A%D9%84_%D9%81%D9%8A_%D8%A7%D9%84%D9%82%D8%B1%D8%A3%D9%86_%D8%A7%D9%84%D9%83.html?hl=&id=X-ABEQAAQBAJ"
      },
      "saleInfo": {
        "country": "PS",
        "saleability": "NOT_FOR_SALE",
        "isEbook": false
      },
      "accessInfo": {
        "country": "PS",
        "viewability": "PARTIAL",
        "embeddable": true,
        "publicDomain": false,
        "textToSpeechPermission": "ALLOWED",
        "epub": {
          "isAvailable": false
        },
        "pdf": {
          "isAvailable": true,
          "acsTokenLink": "http://books.google.com/books/download/%D8%A7%D9%84%D8%AA%D8%B0%D9%8A%D9%8A%D9%84_%D9%81%D9%8A_%D8%A7%D9%84%D9%82%D8%B1%D8%A3%D9%86_%D8%A7%D9%84%D9%83-sample-pdf.acsm?id=X-ABEQAAQBAJ&format=pdf&output=acs4_fulfillment_token&dl_type=sample&source=gbs_api"
        },
        "webReaderLink": "http://play.google.com/books/reader?id=X-ABEQAAQBAJ&hl=&as_pt=BOOKS&source=gbs_api",
        "accessViewStatus": "SAMPLE",
        "quoteSharingAllowed": false
      },
      "searchInfo": {
        "textSnippet": "... المعاني في \u003cb\u003eتفسير القرآن\u003c/b\u003e العظيم والسبع المثاني ، تحقيق على عبد الباري عطية ، دار الكتب العلمية - بيروت ، الطبعة الأولى 1415 هـ ( ج 1 – ص 3 - طنطاوي ، محمد سيد ، \u003cb\u003eالتفسير\u003c/b\u003e الوسيط \u003cb\u003eللقرآن\u003c/b\u003e الكريم ، دار نهضة مصر القاهرة ، الطبعة الأولى سنة 1997&nbsp;..."
      }
    },
    {
      "kind": "books#volume",
      "id": "8b0PAQAAMAAJ",
      "etag": "8zBgfKgiPIM",
      "selfLink": "https://books.googleapis.com/books/v1/volumes/8b0PAQAAMAAJ",
      "volumeInfo": {
        "title": "منهاج الرمخشري في تفسير القرأن وبيان اعجازه",
        "authors": [
          "Muṣṭafá al-Ṣāwī Juwaynī"
        ],
        "publishedDate": "1968",
        "industryIdentifiers": [
          {
            "type": "OTHER",
            "identifier": "IND:30000114979473"
          }
        ],
        "readingModes": {
          "text": false,
          "image": false
        },
        "pageCount": 324,
        "printType": "BOOK",
        "categories": [
          "Qurʼan"
        ],
        "maturityRating": "NOT_MATURE",
        "allowAnonLogging": false,
        "contentVersion": "0.5.2.0.preview.0",
        "panelizationSummary": {
          "containsEpubBubbles": false,
          "containsImageBubbles": false
        },
        "imageLinks": {
          "smallThumbnail": "http://books.google.com/books/content?id=8b0PAQAAMAAJ&printsec=frontcover&img=1&zoom=5&source=gbs_api",
          "thumbnail": "http://books.google.com/books/content?id=8b0PAQAAMAAJ&printsec=frontcover&img=1&zoom=1&source=gbs_api"
        },
        "language": "ar",
        "previewLink": "http://books.google.com/books?id=8b0PAQAAMAAJ&q=%D9%81%D8%B3%D9%8A%D8%B1+%D8%A7%D9%84%D9%82%D8%B1%D8%A3%D9%86&dq=%D9%81%D8%B3%D9%8A%D8%B1+%D8%A7%D9%84%D9%82%D8%B1%D8%A3%D9%86&hl=&as_pt=BOOKS&cd=5&source=gbs_api",
        "infoLink": "http://books.google.com/books?id=8b0PAQAAMAAJ&dq=%D9%81%D8%B3%D9%8A%D8%B1+%D8%A7%D9%84%D9%82%D8%B1%D8%A3%D9%86&hl=&as_pt=BOOKS&source=gbs_api",
        "canonicalVolumeLink": "https://books.google.com/books/about/%D9%85%D9%86%D9%87%D8%A7%D8%AC_%D8%A7%D9%84%D8%B1%D9%85%D8%AE%D8%B4%D8%B1%D9%8A_%D9%81%D9%8A_%D8%AA%D9%81%D8%B3.html?hl=&id=8b0PAQAAMAAJ"
      },
      "saleInfo": {
        "country": "PS",
        "saleability": "NOT_FOR_SALE",
        "isEbook": false
      },
      "accessInfo": {
        "country": "PS",
        "viewability": "NO_PAGES",
        "embeddable": false,
        "publicDomain": false,
        "textToSpeechPermission": "ALLOWED",
        "epub": {
          "isAvailable": false
        },
        "pdf": {
          "isAvailable": false
        },
        "webReaderLink": "http://play.google.com/books/reader?id=8b0PAQAAMAAJ&hl=&as_pt=BOOKS&source=gbs_api",
        "accessViewStatus": "NONE",
        "quoteSharingAllowed": false
      },
      "searchInfo": {
        "textSnippet": "... \u003cb\u003eالقرآن\u003c/b\u003e والذين تشير مؤلفاتهم إلى الثروة الفكرية الضخمة الضائعة وإلى هذا النشاط العقلى والحيوية العلمية التى أوتيتها مدرسة الاعتزال . فواصل بن عطاء ت ۱۳۸ هـ ) له من التصانيف معانى \u003cb\u003eالقرآن\u003c/b\u003e ... \u003cb\u003eوتفسير القرآن\u003c/b\u003e ( ۹ ) . وأبو عبد الله محمد بن زيد&nbsp;..."
      }
    },
    {
      "kind": "books#volume",
      "id": "yTczfR32qswC",
      "etag": "a3i6t82MjAM",
      "selfLink": "https://books.googleapis.com/books/v1/volumes/yTczfR32qswC",
      "volumeInfo": {
        "title": "فتح الرحمن شرح ما يلتبس في القرآن",
        "subtitle": "",
        "authors": [
          "زكريا الأنصاري"
        ],
        "publisher": "Kotobarabia.com",
        "publishedDate": "2006",
        "readingModes": {
          "text": false,
          "image": true
        },
        "pageCount": 362,
        "printType": "BOOK",
        "maturityRating": "NOT_MATURE",
        "allowAnonLogging": false,
        "contentVersion": "1.5.0.0.preview.1",
        "panelizationSummary": {
          "containsEpubBubbles": false,
          "containsImageBubbles": false
        },
        "imageLinks": {
          "smallThumbnail": "http://books.google.com/books/content?id=yTczfR32qswC&printsec=frontcover&img=1&zoom=5&edge=curl&source=gbs_api",
          "thumbnail": "http://books.google.com/books/content?id=yTczfR32qswC&printsec=frontcover&img=1&zoom=1&edge=curl&source=gbs_api"
        },
        "language": "ar",
        "previewLink": "http://books.google.com/books?id=yTczfR32qswC&pg=PT12&dq=%D9%81%D8%B3%D9%8A%D8%B1+%D8%A7%D9%84%D9%82%D8%B1%D8%A3%D9%86&hl=&as_pt=BOOKS&cd=6&source=gbs_api",
        "infoLink": "http://books.google.com/books?id=yTczfR32qswC&dq=%D9%81%D8%B3%D9%8A%D8%B1+%D8%A7%D9%84%D9%82%D8%B1%D8%A3%D9%86&hl=&as_pt=BOOKS&source=gbs_api",
        "canonicalVolumeLink": "https://books.google.com/books/about/%D9%81%D8%AA%D8%AD_%D8%A7%D9%84%D8%B1%D8%AD%D9%85%D9%86_%D8%B4%D8%B1%D8%AD_%D9%85%D8%A7_%D9%8A%D9%84%D8%AA%D8%A8.html?hl=&id=yTczfR32qswC"
      },
      "saleInfo": {
        "country": "PS",
        "saleability": "NOT_FOR_SALE",
        "isEbook": false
      },
      "accessInfo": {
        "country": "PS",
        "viewability": "PARTIAL",
        "embeddable": true,
        "publicDomain": false,
        "textToSpeechPermission": "ALLOWED",
        "epub": {
          "isAvailable": false
        },
        "pdf": {
          "isAvailable": true,
          "acsTokenLink": "http://books.google.com/books/download/%D9%81%D8%AA%D8%AD_%D8%A7%D9%84%D8%B1%D8%AD%D9%85%D9%86_%D8%B4%D8%B1%D8%AD_%D9%85%D8%A7_%D9%8A%D9%84%D8%AA%D8%A8-sample-pdf.acsm?id=yTczfR32qswC&format=pdf&output=acs4_fulfillment_token&dl_type=sample&source=gbs_api"
        },
        "webReaderLink": "http://play.google.com/books/reader?id=yTczfR32qswC&hl=&as_pt=BOOKS&source=gbs_api",
        "accessViewStatus": "SAMPLE",
        "quoteSharingAllowed": false
      },
      "searchInfo": {
        "textSnippet": "... \u003cb\u003eتفسير\u003c/b\u003e شيء من كلام الله ، ولا يكفي في حقه تعلم اليسير منها ، فقد يكون اللفظ مشتركا وهو يعلم أحد المعنيين والمراد المعنى الآخر ( 1 ) &quot; . ثم أورد الزركشي أمثلة كثيرة وهو يعرض لهذه المسألة ... \u003cb\u003eالقرآن\u003c/b\u003e ( 1 ) ، أو \u003cb\u003eتفسير\u003c/b\u003e غريب \u003cb\u003eالقرآن\u003c/b\u003e V المقدمة."
      }
    },
    {
      "kind": "books#volume",
      "id": "pjcvAAAAMAAJ",
      "etag": "NcvDtU96nCM",
      "selfLink": "https://books.googleapis.com/books/v1/volumes/pjcvAAAAMAAJ",
      "volumeInfo": {
        "title": "تفسير القران الجليل المسمى لباب التاويل في معاني التنزيل",
        "authors": [
          "ʻAlī ibn Muḥammad Khāzin al-Baghdādī"
        ],
        "publishedDate": "1883",
        "industryIdentifiers": [
          {
            "type": "OTHER",
            "identifier": "UOM:39015047786333"
          }
        ],
        "readingModes": {
          "text": false,
          "image": false
        },
        "pageCount": 518,
        "printType": "BOOK",
        "categories": [
          "Koran"
        ],
        "maturityRating": "NOT_MATURE",
        "allowAnonLogging": false,
        "contentVersion": "0.10.11.0.preview.0",
        "panelizationSummary": {
          "containsEpubBubbles": false,
          "containsImageBubbles": false
        },
        "imageLinks": {
          "smallThumbnail": "http://books.google.com/books/content?id=pjcvAAAAMAAJ&printsec=frontcover&img=1&zoom=5&source=gbs_api",
          "thumbnail": "http://books.google.com/books/content?id=pjcvAAAAMAAJ&printsec=frontcover&img=1&zoom=1&source=gbs_api"
        },
        "language": "ar",
        "previewLink": "http://books.google.com/books?id=pjcvAAAAMAAJ&q=%D9%81%D8%B3%D9%8A%D8%B1+%D8%A7%D9%84%D9%82%D8%B1%D8%A3%D9%86&dq=%D9%81%D8%B3%D9%8A%D8%B1+%D8%A7%D9%84%D9%82%D8%B1%D8%A3%D9%86&hl=&as_pt=BOOKS&cd=7&source=gbs_api",
        "infoLink": "http://books.google.com/books?id=pjcvAAAAMAAJ&dq=%D9%81%D8%B3%D9%8A%D8%B1+%D8%A7%D9%84%D9%82%D8%B1%D8%A3%D9%86&hl=&as_pt=BOOKS&source=gbs_api",
        "canonicalVolumeLink": "https://books.google.com/books/about/%D8%AA%D9%81%D8%B3%D9%8A%D8%B1_%D8%A7%D9%84%D9%82%D8%B1%D8%A7%D9%86_%D8%A7%D9%84%D8%AC%D9%84%D9%8A%D9%84_%D8%A7.html?hl=&id=pjcvAAAAMAAJ"
      },
      "saleInfo": {
        "country": "PS",
        "saleability": "NOT_FOR_SALE",
        "isEbook": false
      },
      "accessInfo": {
        "country": "PS",
        "viewability": "NO_PAGES",
        "embeddable": false,
        "publicDomain": false,
        "textToSpeechPermission": "ALLOWED",
        "epub": {
          "isAvailable": false
        },
        "pdf": {
          "isAvailable": false
        },
        "webReaderLink": "http://play.google.com/books/reader?id=pjcvAAAAMAAJ&hl=&as_pt=BOOKS&source=gbs_api",
        "accessViewStatus": "NONE",
        "quoteSharingAllowed": false
      },
      "searchInfo": {
        "textSnippet": "... \u003cb\u003eيقرأ\u003c/b\u003e القبلة إلى الكعبة انزل الله هذه الاية فقال تعالى ليس البر أن تولوا وجوهكم أي في صلاة . كم قبل المشرق ولكن ... \u003cb\u003eالقرأن\u003c/b\u003e وليكن البر وقرى ولكن البار ( واليوم إلى الله الموجبة للثواب والمؤدية الى الجنة ثم بين خصالا من البر فقال&nbsp;..."
      }
    },
    {
      "kind": "books#volume",
      "id": "vGcicIWScy4C",
      "etag": "ndKsD2Uxq5Q",
      "selfLink": "https://books.googleapis.com/books/v1/volumes/vGcicIWScy4C",
      "volumeInfo": {
        "title": "الخليل إخناتون فى القرأن الكريم",
        "authors": [
          "سعد عبد المطلب العدل"
        ],
        "publisher": "Kotobarabia.com",
        "publishedDate": "2006",
        "readingModes": {
          "text": false,
          "image": true
        },
        "pageCount": 171,
        "printType": "BOOK",
        "maturityRating": "NOT_MATURE",
        "allowAnonLogging": false,
        "contentVersion": "1.5.3.0.preview.1",
        "panelizationSummary": {
          "containsEpubBubbles": false,
          "containsImageBubbles": false
        },
        "imageLinks": {
          "smallThumbnail": "http://books.google.com/books/content?id=vGcicIWScy4C&printsec=frontcover&img=1&zoom=5&edge=curl&source=gbs_api",
          "thumbnail": "http://books.google.com/books/content?id=vGcicIWScy4C&printsec=frontcover&img=1&zoom=1&edge=curl&source=gbs_api"
        },
        "language": "ar",
        "previewLink": "http://books.google.com/books?id=vGcicIWScy4C&pg=PT36&dq=%D9%81%D8%B3%D9%8A%D8%B1+%D8%A7%D9%84%D9%82%D8%B1%D8%A3%D9%86&hl=&as_pt=BOOKS&cd=8&source=gbs_api",
        "infoLink": "http://books.google.com/books?id=vGcicIWScy4C&dq=%D9%81%D8%B3%D9%8A%D8%B1+%D8%A7%D9%84%D9%82%D8%B1%D8%A3%D9%86&hl=&as_pt=BOOKS&source=gbs_api",
        "canonicalVolumeLink": "https://books.google.com/books/about/%D8%A7%D9%84%D8%AE%D9%84%D9%8A%D9%84_%D8%A5%D8%AE%D9%86%D8%A7%D8%AA%D9%88%D9%86_%D9%81%D9%89_%D8%A7%D9%84%D9%82.html?hl=&id=vGcicIWScy4C"
      },
      "saleInfo": {
        "country": "PS",
        "saleability": "NOT_FOR_SALE",
        "isEbook": false
      },
      "accessInfo": {
        "country": "PS",
        "viewability": "PARTIAL",
        "embeddable": true,
        "publicDomain": false,
        "textToSpeechPermission": "ALLOWED",
        "epub": {
          "isAvailable": false
        },
        "pdf": {
          "isAvailable": true,
          "acsTokenLink": "http://books.google.com/books/download/%D8%A7%D9%84%D8%AE%D9%84%D9%8A%D9%84_%D8%A5%D8%AE%D9%86%D8%A7%D8%AA%D9%88%D9%86_%D9%81%D9%89_%D8%A7%D9%84%D9%82-sample-pdf.acsm?id=vGcicIWScy4C&format=pdf&output=acs4_fulfillment_token&dl_type=sample&source=gbs_api"
        },
        "webReaderLink": "http://play.google.com/books/reader?id=vGcicIWScy4C&hl=&as_pt=BOOKS&source=gbs_api",
        "accessViewStatus": "SAMPLE",
        "quoteSharingAllowed": false
      },
      "searchInfo": {
        "textSnippet": "سعد عبد المطلب العدل. \u003cb\u003eتفسير\u003c/b\u003e محمد بن جرير الطبري ( جامع البيان في \u003cb\u003eتفسير القرآن\u003c/b\u003e ) . \u003cb\u003eتفسير\u003c/b\u003e الحافظ بن كثير ( \u003cb\u003eتفسير القرآن\u003c/b\u003e العظيم ) . \u003cb\u003eتفسير\u003c/b\u003e مقاتل بن سليمان . \u003cb\u003eتفسير\u003c/b\u003e الثعلبي الكشف عن بيان \u003cb\u003eتفسير القرآن\u003c/b\u003e ) . \u003cb\u003eتفسير\u003c/b\u003e الخازن لباب التأويل في معاني التنزيل&nbsp;..."
      }
    },
    {
      "kind": "books#volume",
      "id": "pAVeEQAAQBAJ",
      "etag": "RDxHOBjPFoE",
      "selfLink": "https://books.googleapis.com/books/v1/volumes/pAVeEQAAQBAJ",
      "volumeInfo": {
        "title": "تاملات من وحي القرأن",
        "authors": [
          "هند الورداني"
        ],
        "publisher": "Dar elbasheer",
        "publishedDate": "2025-05-15",
        "description": "تأملات من وحي القرآن لهند الورداني: يسعى الكتاب إلى ربط هدايات القرآن بواقع المسلمين المعاصر، والكشف عن الداء وتقديم الدواء من خلال الوحي. الكاتبة دونت معظم هذه التأملات خلال رحلتها في طلب كتاب الله.",
        "readingModes": {
          "text": false,
          "image": true
        },
        "pageCount": 184,
        "printType": "BOOK",
        "categories": [
          "Religion"
        ],
        "maturityRating": "NOT_MATURE",
        "allowAnonLogging": false,
        "contentVersion": "0.0.1.0.preview.1",
        "panelizationSummary": {
          "containsEpubBubbles": false,
          "containsImageBubbles": false
        },
        "imageLinks": {
          "smallThumbnail": "http://books.google.com/books/content?id=pAVeEQAAQBAJ&printsec=frontcover&img=1&zoom=5&edge=curl&source=gbs_api",
          "thumbnail": "http://books.google.com/books/content?id=pAVeEQAAQBAJ&printsec=frontcover&img=1&zoom=1&edge=curl&source=gbs_api"
        },
        "language": "ar",
        "previewLink": "http://books.google.com/books?id=pAVeEQAAQBAJ&pg=PA177&dq=%D9%81%D8%B3%D9%8A%D8%B1+%D8%A7%D9%84%D9%82%D8%B1%D8%A3%D9%86&hl=&as_pt=BOOKS&cd=9&source=gbs_api",
        "infoLink": "http://books.google.com/books?id=pAVeEQAAQBAJ&dq=%D9%81%D8%B3%D9%8A%D8%B1+%D8%A7%D9%84%D9%82%D8%B1%D8%A3%D9%86&hl=&as_pt=BOOKS&source=gbs_api",
        "canonicalVolumeLink": "https://books.google.com/books/about/%D8%AA%D8%A7%D9%85%D9%84%D8%A7%D8%AA_%D9%85%D9%86_%D9%88%D8%AD%D9%8A_%D8%A7%D9%84%D9%82%D8%B1%D8%A3%D9%86.html?hl=&id=pAVeEQAAQBAJ"
      },
      "saleInfo": {
        "country": "PS",
        "saleability": "NOT_FOR_SALE",
        "isEbook": false
      },
      "accessInfo": {
        "country": "PS",
        "viewability": "PARTIAL",
        "embeddable": true,
        "publicDomain": false,
        "textToSpeechPermission": "ALLOWED",
        "epub": {
          "isAvailable": false
        },
        "pdf": {
          "isAvailable": true,
          "acsTokenLink": "http://books.google.com/books/download/%D8%AA%D8%A7%D9%85%D9%84%D8%A7%D8%AA_%D9%85%D9%86_%D9%88%D8%AD%D9%8A_%D8%A7%D9%84%D9%82%D8%B1%D8%A3%D9%86-sample-pdf.acsm?id=pAVeEQAAQBAJ&format=pdf&output=acs4_fulfillment_token&dl_type=sample&source=gbs_api"
        },
        "webReaderLink": "http://play.google.com/books/reader?id=pAVeEQAAQBAJ&hl=&as_pt=BOOKS&source=gbs_api",
        "accessViewStatus": "SAMPLE",
        "quoteSharingAllowed": false
      },
      "searchInfo": {
        "textSnippet": "هند الورداني. وحي \u003cb\u003eالقرآن\u003c/b\u003e • المختصر في \u003cb\u003eتفسير القرآن\u003c/b\u003e الكريم ، لجماعة من علماء \u003cb\u003eالتفسير\u003c/b\u003e ، دار المختصر للنشر والتوزيع ، الرياض ، الطبعة الخامسة ، .1440 . هـــ • معالم التنزيل في \u003cb\u003eتفسير القرآن\u003c/b\u003e ( \u003cb\u003eتفسير\u003c/b\u003e البغوي ) ، أبو محمد الحسين بن مسعود بن&nbsp;..."
      }
    },
    {
      "kind": "books#volume",
      "id": "2pHODgAAQBAJ",
      "etag": "L6oRaU9F0oE",
      "selfLink": "https://books.googleapis.com/books/v1/volumes/2pHODgAAQBAJ",
      "volumeInfo": {
        "title": "ألفاظ العقاب الدنيوي في القرأن الكريم",
        "authors": [
          "د.احمد ابراهيم اللهيبي",
          "دار الكتاب الثقافي"
        ],
        "publisher": "دار الكتاب الثقافي",
        "description": "العقاب في القرآن الكريم قد تعدّى إلى مستويات أخرى غير العقاب الأخروي ، إذ يظن الكثيرون أنّ العقاب يتعلق باليوم الآخر فقط ، في حين أنّ معاني العقاب القرآني قد استغرقت مساحات واسعة في الحياة الدنيا ، إذ ليس هناك صعيد إلاّ وقد وضع له القرآن منهجاً شاملاً ، من حيث حماية الأحكام الآلهية وحماية الحقوق المادية والاعتبارية للانسان أينما كان ، ووجدت أنّ الألفاظ القرآنية بهذا الشأن قد كثرت وتنوعت ولم تدرس من قبل بدراسة جامعية ، فجاء هذا الموضوع موضوعاً بكراً استحق منّي هذه الدراسة المتواضعة ، وبعد إجراء استقصاء شامل لهذه الألفاظ ، عانيت في جمعها مالا يعلمهُ إلاّ الله وحده ـ تبين أنّ المادة واسعة ، وألفاظها كثيرة فلهذا أجرينا تعديلاً بسيطاً في العنوان لتكون المادة أقل ، وبما يتناسب مع التعليمات الخاصة بتحديد صفحات الرسائل الجامعية ، فأصبح العنوان على النحو الآتي : ( الفاظ العقاب الدنيوي في القرآن الكريم ـ دراسة دلالية ) ، فبذلك فرض علينا العنوان إلاّ ندرس ألفاظ العقاب الآخروي ... . إنّ طبيعة هذا النوع من الدراسات اللغوية ليست جديدة ، في موروثنا اللغوي ، بل تعود إلى مراحل متقدمة في تاريخ هذا التراث الزاخر ، ولكن ليست بمستوى الدرس الدلالي الحديث ، فكتب المعاجم خير مثـال على أنّ العرب قد عرفت هذا العلم ، ذلك لأنّ المعجمي يدرس الكلمة وتطـورها وصيغها واسـتعمالاتها اللغوية الحسـية والمعنوية ولكن بصورة مختلطة ، فيصعب على القارئ أن يحس بمتابعة نمو المفردة عبر مراحل تطورها باتجاه الاستعمالات العديدة في الحياة اللغوية . ويمكن الإشارة إلى مرحلة أسبق من مراحل المعجمات ، أذ أَلَّفَ اللغويون القُدامى مجموعة من الرسائل اللغوية التي بيَنت مجموعة من الألفاظ ضمن الاستعمال اللغوي في مجال حقلا من الحقول الدلالية ، على نحو ما نجد في رسائل غريب القرآن وأقدمها كتاب غريب القرآن لأبي عبيدة ( ت 012هـ ) ، ورسائل غريب الحديث وأقدمها غريب الحديث للنضر بن شميل ( ت 022هـ ) ، ورسائل أخرى في الإبل وخلق الإنسان ، والسحاب ، والمطر ، ولحن العامة وغير ذلك ، فهذه الرسائل تشكل المنطلقات الأولى لولادة نظريـة الحقول الدلالية التي تؤطر مجموعة من الألفاظ ضمن مجال محدد ، لدراسة المفردة عبر استعمالاتها اللغوية، وعلاقاتها بمجال دلالات الألفاظ الأخرى، كل ذلك من أجل السيطرة على مدى إمكانية تحديد مسار الدلالات التي تأخذها الألفاظ من خلال مداليلها العديدة .",
        "industryIdentifiers": [
          {
            "type": "ISBN_13",
            "identifier": "9789957550554"
          },
          {
            "type": "ISBN_10",
            "identifier": "9957550551"
          }
        ],
        "readingModes": {
          "text": false,
          "image": true
        },
        "pageCount": 237,
        "printType": "BOOK",
        "categories": [
          "Religion"
        ],
        "maturityRating": "NOT_MATURE",
        "allowAnonLogging": false,
        "contentVersion": "0.1.0.0.preview.1",
        "panelizationSummary": {
          "containsEpubBubbles": false,
          "containsImageBubbles": false
        },
        "imageLinks": {
          "smallThumbnail": "http://books.google.com/books/content?id=2pHODgAAQBAJ&printsec=frontcover&img=1&zoom=5&edge=curl&source=gbs_api",
          "thumbnail": "http://books.google.com/books/content?id=2pHODgAAQBAJ&printsec=frontcover&img=1&zoom=1&edge=curl&source=gbs_api"
        },
        "language": "ar",
        "previewLink": "http://books.google.com/books?id=2pHODgAAQBAJ&pg=PT126&dq=%D9%81%D8%B3%D9%8A%D8%B1+%D8%A7%D9%84%D9%82%D8%B1%D8%A3%D9%86&hl=&as_pt=BOOKS&cd=10&source=gbs_api",
        "infoLink": "http://books.google.com/books?id=2pHODgAAQBAJ&dq=%D9%81%D8%B3%D9%8A%D8%B1+%D8%A7%D9%84%D9%82%D8%B1%D8%A3%D9%86&hl=&as_pt=BOOKS&source=gbs_api",
        "canonicalVolumeLink": "https://books.google.com/books/about/%D8%A3%D9%84%D9%81%D8%A7%D8%B8_%D8%A7%D9%84%D8%B9%D9%82%D8%A7%D8%A8_%D8%A7%D9%84%D8%AF%D9%86%D9%8A%D9%88%D9%8A.html?hl=&id=2pHODgAAQBAJ"
      },
      "saleInfo": {
        "country": "PS",
        "saleability": "NOT_FOR_SALE",
        "isEbook": false
      },
      "accessInfo": {
        "country": "PS",
        "viewability": "PARTIAL",
        "embeddable": true,
        "publicDomain": false,
        "textToSpeechPermission": "ALLOWED",
        "epub": {
          "isAvailable": false
        },
        "pdf": {
          "isAvailable": true,
          "acsTokenLink": "http://books.google.com/books/download/%D8%A3%D9%84%D9%81%D8%A7%D8%B8_%D8%A7%D9%84%D8%B9%D9%82%D8%A7%D8%A8_%D8%A7%D9%84%D8%AF%D9%86%D9%8A%D9%88%D9%8A-sample-pdf.acsm?id=2pHODgAAQBAJ&format=pdf&output=acs4_fulfillment_token&dl_type=sample&source=gbs_api"
        },
        "webReaderLink": "http://play.google.com/books/reader?id=2pHODgAAQBAJ&hl=&as_pt=BOOKS&source=gbs_api",
        "accessViewStatus": "SAMPLE",
        "quoteSharingAllowed": false
      },
      "searchInfo": {
        "textSnippet": "... معاني \u003cb\u003eالقرآن\u003c/b\u003e : ١ / ٣٩٢ ( ۳ ) غريب \u003cb\u003eالقرآن وتفسيره\u003c/b\u003e ، اليزيدي : ۱۷۱ ، وينظر : الكشاف : ۲ / ۱۰۷ . ( ٤ ) \u003cb\u003eتفسير\u003c/b\u003e غريب \u003cb\u003eالقرآن\u003c/b\u003e : ۳۳۷ ، وينظر : \u003cb\u003eتفسير القرآن\u003c/b\u003e العظيم : ٢ / ٣٤١ ، الجامع لأحكام \u003cb\u003eالقرآن\u003c/b\u003e : . ٣ / ٢٧٠٤ ( ٥ ) \u003cb\u003eتفسير\u003c/b\u003e غريب \u003cb\u003eالقرآن\u003c/b\u003e : ۱۷۱ ( ٦ ) ينظر&nbsp;..."
      }
    },
    {
      "kind": "books#volume",
      "id": "JVRmDwAAQBAJ",
      "etag": "DgVblDbTmEc",
      "selfLink": "https://books.googleapis.com/books/v1/volumes/JVRmDwAAQBAJ",
      "volumeInfo": {
        "title": "نظرية المعرفة في القرأن الكريم و تضميناتها",
        "authors": [
          "أ.د. أحمد الدغشي",
          "مركز الكتاب الاكاديمي "
        ],
        "publisher": "مركز الكتاب الأكاديمي ",
        "publishedDate": "2017-01-01",
        "description": "Knowledge, Theory of (Islam); Qurʼanic teaching.",
        "industryIdentifiers": [
          {
            "type": "ISBN_13",
            "identifier": "9789957352387"
          },
          {
            "type": "ISBN_10",
            "identifier": "9957352385"
          }
        ],
        "readingModes": {
          "text": false,
          "image": true
        },
        "pageCount": 344,
        "printType": "BOOK",
        "categories": [
          "Religion"
        ],
        "maturityRating": "NOT_MATURE",
        "allowAnonLogging": false,
        "contentVersion": "0.1.1.0.preview.1",
        "panelizationSummary": {
          "containsEpubBubbles": false,
          "containsImageBubbles": false
        },
        "imageLinks": {
          "smallThumbnail": "http://books.google.com/books/content?id=JVRmDwAAQBAJ&printsec=frontcover&img=1&zoom=5&edge=curl&source=gbs_api",
          "thumbnail": "http://books.google.com/books/content?id=JVRmDwAAQBAJ&printsec=frontcover&img=1&zoom=1&edge=curl&source=gbs_api"
        },
        "language": "ar",
        "previewLink": "http://books.google.com/books?id=JVRmDwAAQBAJ&pg=PA40&dq=%D9%81%D8%B3%D9%8A%D8%B1+%D8%A7%D9%84%D9%82%D8%B1%D8%A3%D9%86&hl=&as_pt=BOOKS&cd=11&source=gbs_api",
        "infoLink": "http://books.google.com/books?id=JVRmDwAAQBAJ&dq=%D9%81%D8%B3%D9%8A%D8%B1+%D8%A7%D9%84%D9%82%D8%B1%D8%A3%D9%86&hl=&as_pt=BOOKS&source=gbs_api",
        "canonicalVolumeLink": "https://books.google.com/books/about/%D9%86%D8%B8%D8%B1%D9%8A%D8%A9_%D8%A7%D9%84%D9%85%D8%B9%D8%B1%D9%81%D8%A9_%D9%81%D9%8A_%D8%A7%D9%84%D9%82%D8%B1.html?hl=&id=JVRmDwAAQBAJ"
      },
      "saleInfo": {
        "country": "PS",
        "saleability": "NOT_FOR_SALE",
        "isEbook": false
      },
      "accessInfo": {
        "country": "PS",
        "viewability": "PARTIAL",
        "embeddable": true,
        "publicDomain": false,
        "textToSpeechPermission": "ALLOWED",
        "epub": {
          "isAvailable": false
        },
        "pdf": {
          "isAvailable": true,
          "acsTokenLink": "http://books.google.com/books/download/%D9%86%D8%B8%D8%B1%D9%8A%D8%A9_%D8%A7%D9%84%D9%85%D8%B9%D8%B1%D9%81%D8%A9_%D9%81%D9%8A_%D8%A7%D9%84%D9%82%D8%B1-sample-pdf.acsm?id=JVRmDwAAQBAJ&format=pdf&output=acs4_fulfillment_token&dl_type=sample&source=gbs_api"
        },
        "webReaderLink": "http://play.google.com/books/reader?id=JVRmDwAAQBAJ&hl=&as_pt=BOOKS&source=gbs_api",
        "accessViewStatus": "SAMPLE",
        "quoteSharingAllowed": false
      },
      "searchInfo": {
        "textSnippet": "... \u003cb\u003eتفسير\u003c/b\u003e التحرير التنوير ، جـ1 ص 44 - 45 ، ( 128 ) . أما في الآونة الراهنة فلعل هذا الاتجاه هو الأكثر حضوراً بعد أن تمكن أنصاره من تأسيس هيئة الإعجاز العلمي في \u003cb\u003eالقرآن\u003c/b\u003e ... \u003cb\u003eالقرآن\u003c/b\u003e والسنة والرد على الاتجاه الأول . ( الزنداني ورفاقه ، تأصيل&nbsp;..."
      }
    },
    {
      "kind": "books#volume",
      "id": "3B3ZDwAAQBAJ",
      "etag": "rXunCXNOhl8",
      "selfLink": "https://books.googleapis.com/books/v1/volumes/3B3ZDwAAQBAJ",
      "volumeInfo": {
        "title": "من أنوار القرأن",
        "authors": [
          "زغلول النجار"
        ],
        "publisher": "مؤسسة بداية للنشر والتوزيع",
        "publishedDate": "2018-10-17",
        "industryIdentifiers": [
          {
            "type": "ISBN_13",
            "identifier": "9789777381550"
          },
          {
            "type": "ISBN_10",
            "identifier": "9777381557"
          }
        ],
        "readingModes": {
          "text": false,
          "image": true
        },
        "pageCount": 208,
        "printType": "BOOK",
        "categories": [
          "Antiques & Collectibles"
        ],
        "maturityRating": "NOT_MATURE",
        "allowAnonLogging": false,
        "contentVersion": "0.1.2.0.preview.1",
        "panelizationSummary": {
          "containsEpubBubbles": false,
          "containsImageBubbles": false
        },
        "imageLinks": {
          "smallThumbnail": "http://books.google.com/books/content?id=3B3ZDwAAQBAJ&printsec=frontcover&img=1&zoom=5&edge=curl&source=gbs_api",
          "thumbnail": "http://books.google.com/books/content?id=3B3ZDwAAQBAJ&printsec=frontcover&img=1&zoom=1&edge=curl&source=gbs_api"
        },
        "language": "ar",
        "previewLink": "http://books.google.com/books?id=3B3ZDwAAQBAJ&pg=PA6&dq=%D9%81%D8%B3%D9%8A%D8%B1+%D8%A7%D9%84%D9%82%D8%B1%D8%A3%D9%86&hl=&as_pt=BOOKS&cd=12&source=gbs_api",
        "infoLink": "http://books.google.com/books?id=3B3ZDwAAQBAJ&dq=%D9%81%D8%B3%D9%8A%D8%B1+%D8%A7%D9%84%D9%82%D8%B1%D8%A3%D9%86&hl=&as_pt=BOOKS&source=gbs_api",
        "canonicalVolumeLink": "https://books.google.com/books/about/%D9%85%D9%86_%D8%A3%D9%86%D9%88%D8%A7%D8%B1_%D8%A7%D9%84%D9%82%D8%B1%D8%A3%D9%86.html?hl=&id=3B3ZDwAAQBAJ"
      },
      "saleInfo": {
        "country": "PS",
        "saleability": "NOT_FOR_SALE",
        "isEbook": false
      },
      "accessInfo": {
        "country": "PS",
        "viewability": "PARTIAL",
        "embeddable": true,
        "publicDomain": false,
        "textToSpeechPermission": "ALLOWED",
        "epub": {
          "isAvailable": false
        },
        "pdf": {
          "isAvailable": true,
          "acsTokenLink": "http://books.google.com/books/download/%D9%85%D9%86_%D8%A3%D9%86%D9%88%D8%A7%D8%B1_%D8%A7%D9%84%D9%82%D8%B1%D8%A3%D9%86-sample-pdf.acsm?id=3B3ZDwAAQBAJ&format=pdf&output=acs4_fulfillment_token&dl_type=sample&source=gbs_api"
        },
        "webReaderLink": "http://play.google.com/books/reader?id=3B3ZDwAAQBAJ&hl=&as_pt=BOOKS&source=gbs_api",
        "accessViewStatus": "SAMPLE",
        "quoteSharingAllowed": false
      },
      "searchInfo": {
        "textSnippet": "... \u003cb\u003eبالقرآن\u003c/b\u003e والسنة فأصدرت “ المنتخب في \u003cb\u003eتفسير القرآن\u003c/b\u003e الكريم &quot; ، وهو أول \u003cb\u003eتفسير\u003c/b\u003e كامل لهذا الكتاب العزيز يوظف حقائق العلم في \u003cb\u003eتفسير\u003c/b\u003e آياته الكونية . وفي سنة 1418 هجري / 1997 م تشكلت في هذا المجلس لجنة « الإعجاز العلمي في \u003cb\u003eالقرآن\u003c/b\u003e الكريم ، ونشطت هذه&nbsp;..."
      }
    },
    {
      "kind": "books#volume",
      "id": "ipDbEAAAQBAJ",
      "etag": "i16Dh6DKxM8",
      "selfLink": "https://books.googleapis.com/books/v1/volumes/ipDbEAAAQBAJ",
      "volumeInfo": {
        "title": "معاني القرآن للنحاس",
        "authors": [
          "النحاس"
        ],
        "publisher": "Rufoof",
        "publishedDate": "1900",
        "description": "كتاب معاني القرآن لأبي جعفر النحاس اللغوي النحوي المتوفى سنة 338هـ، من أهم كتب التفسير وبيان معاني القرآن، ومؤلفه ذو باع طويل في علوم العربية، جمع بين علوم اللغة وعلوم الدين، وهو من علماء الادب والتفسير في آن واحد",
        "industryIdentifiers": [
          {
            "type": "ISBN_13",
            "identifier": "9786367912354"
          },
          {
            "type": "ISBN_10",
            "identifier": "6367912355"
          }
        ],
        "readingModes": {
          "text": true,
          "image": true
        },
        "pageCount": 322,
        "printType": "BOOK",
        "categories": [
          "Religion"
        ],
        "maturityRating": "NOT_MATURE",
        "allowAnonLogging": false,
        "contentVersion": "0.2.3.0.preview.3",
        "panelizationSummary": {
          "containsEpubBubbles": false,
          "containsImageBubbles": false
        },
        "imageLinks": {
          "smallThumbnail": "http://books.google.com/books/content?id=ipDbEAAAQBAJ&printsec=frontcover&img=1&zoom=5&edge=curl&source=gbs_api",
          "thumbnail": "http://books.google.com/books/content?id=ipDbEAAAQBAJ&printsec=frontcover&img=1&zoom=1&edge=curl&source=gbs_api"
        },
        "language": "ar",
        "previewLink": "http://books.google.com/books?id=ipDbEAAAQBAJ&pg=RA1-PT9&dq=%D9%81%D8%B3%D9%8A%D8%B1+%D8%A7%D9%84%D9%82%D8%B1%D8%A3%D9%86&hl=&as_pt=BOOKS&cd=13&source=gbs_api",
        "infoLink": "http://books.google.com/books?id=ipDbEAAAQBAJ&dq=%D9%81%D8%B3%D9%8A%D8%B1+%D8%A7%D9%84%D9%82%D8%B1%D8%A3%D9%86&hl=&as_pt=BOOKS&source=gbs_api",
        "canonicalVolumeLink": "https://books.google.com/books/about/%D9%85%D8%B9%D8%A7%D9%86%D9%8A_%D8%A7%D9%84%D9%82%D8%B1%D8%A2%D9%86_%D9%84%D9%84%D9%86%D8%AD%D8%A7%D8%B3.html?hl=&id=ipDbEAAAQBAJ"
      },
      "saleInfo": {
        "country": "PS",
        "saleability": "NOT_FOR_SALE",
        "isEbook": false
      },
      "accessInfo": {
        "country": "PS",
        "viewability": "PARTIAL",
        "embeddable": true,
        "publicDomain": false,
        "textToSpeechPermission": "ALLOWED",
        "epub": {
          "isAvailable": true,
          "acsTokenLink": "http://books.google.com/books/download/%D9%85%D8%B9%D8%A7%D9%86%D9%8A_%D8%A7%D9%84%D9%82%D8%B1%D8%A2%D9%86_%D9%84%D9%84%D9%86%D8%AD%D8%A7%D8%B3-sample-epub.acsm?id=ipDbEAAAQBAJ&format=epub&output=acs4_fulfillment_token&dl_type=sample&source=gbs_api"
        },
        "pdf": {
          "isAvailable": true,
          "acsTokenLink": "http://books.google.com/books/download/%D9%85%D8%B9%D8%A7%D9%86%D9%8A_%D8%A7%D9%84%D9%82%D8%B1%D8%A2%D9%86_%D9%84%D9%84%D9%86%D8%AD%D8%A7%D8%B3-sample-pdf.acsm?id=ipDbEAAAQBAJ&format=pdf&output=acs4_fulfillment_token&dl_type=sample&source=gbs_api"
        },
        "webReaderLink": "http://play.google.com/books/reader?id=ipDbEAAAQBAJ&hl=&as_pt=BOOKS&source=gbs_api",
        "accessViewStatus": "SAMPLE",
        "quoteSharingAllowed": false
      },
      "searchInfo": {
        "textSnippet": "النحاس. \u003cb\u003eتفسير\u003c/b\u003e سورة الفاتحة مكية وآياتها سبع باتفاق سورة الحمد وهي مكية على قول ابن عباس وقال مجاهد هي مدنية اعلم ان لها اربعة اسماء هي سورة الحمد وفاتحة الكتاب وام ... \u003cb\u003eالقرأن\u003c/b\u003e الذي هو مثان \u003cb\u003eتفسير\u003c/b\u003e البسمله ومما قصدنا \u003cb\u003eتفسير\u003c/b\u003e سورة الفاتحة ..."
      }
    },
    {
      "kind": "books#volume",
      "id": "7BVSAQAAIAAJ",
      "etag": "k/alYU3y/94",
      "selfLink": "https://books.googleapis.com/books/v1/volumes/7BVSAQAAIAAJ",
      "volumeInfo": {
        "title": "تفسير سور المفصل من القرأن الكريم",
        "authors": [
          "ʻAbd Allāh Gannūn"
        ],
        "publishedDate": "1981",
        "industryIdentifiers": [
          {
            "type": "OTHER",
            "identifier": "UCAL:B4902864"
          }
        ],
        "readingModes": {
          "text": false,
          "image": false
        },
        "pageCount": 444,
        "printType": "BOOK",
        "categories": [
          "Koran"
        ],
        "maturityRating": "NOT_MATURE",
        "allowAnonLogging": false,
        "contentVersion": "0.5.1.0.preview.0",
        "panelizationSummary": {
          "containsEpubBubbles": false,
          "containsImageBubbles": false
        },
        "imageLinks": {
          "smallThumbnail": "http://books.google.com/books/content?id=7BVSAQAAIAAJ&printsec=frontcover&img=1&zoom=5&source=gbs_api",
          "thumbnail": "http://books.google.com/books/content?id=7BVSAQAAIAAJ&printsec=frontcover&img=1&zoom=1&source=gbs_api"
        },
        "language": "ar",
        "previewLink": "http://books.google.com/books?id=7BVSAQAAIAAJ&q=%D9%81%D8%B3%D9%8A%D8%B1+%D8%A7%D9%84%D9%82%D8%B1%D8%A3%D9%86&dq=%D9%81%D8%B3%D9%8A%D8%B1+%D8%A7%D9%84%D9%82%D8%B1%D8%A3%D9%86&hl=&as_pt=BOOKS&cd=14&source=gbs_api",
        "infoLink": "http://books.google.com/books?id=7BVSAQAAIAAJ&dq=%D9%81%D8%B3%D9%8A%D8%B1+%D8%A7%D9%84%D9%82%D8%B1%D8%A3%D9%86&hl=&as_pt=BOOKS&source=gbs_api",
        "canonicalVolumeLink": "https://books.google.com/books/about/%D8%AA%D9%81%D8%B3%D9%8A%D8%B1_%D8%B3%D9%88%D8%B1_%D8%A7%D9%84%D9%85%D9%81%D8%B5%D9%84_%D9%85%D9%86_%D8%A7%D9%84.html?hl=&id=7BVSAQAAIAAJ"
      },
      "saleInfo": {
        "country": "PS",
        "saleability": "NOT_FOR_SALE",
        "isEbook": false
      },
      "accessInfo": {
        "country": "PS",
        "viewability": "NO_PAGES",
        "embeddable": false,
        "publicDomain": false,
        "textToSpeechPermission": "ALLOWED",
        "epub": {
          "isAvailable": false
        },
        "pdf": {
          "isAvailable": false
        },
        "webReaderLink": "http://play.google.com/books/reader?id=7BVSAQAAIAAJ&hl=&as_pt=BOOKS&source=gbs_api",
        "accessViewStatus": "NONE",
        "quoteSharingAllowed": false
      },
      "searchInfo": {
        "textSnippet": "... \u003cb\u003eتفسير\u003c/b\u003e الشيخ محمد عبده الجزء عم بعناصر الفكرة التي ذكرتها ، وكذلك الشيخ عبد القادر المغربي في \u003cb\u003eتفسيره\u003c/b\u003e الجزء تبارك ، ولكنهما أطالا النفس في الشرح والبيان ، ولا سيما الثاني ، فلو أنهما كتبا \u003cb\u003eتفسير القرآن\u003c/b\u003e كله على هذا المنوال ، لخرج في عدة&nbsp;..."
      }
    },
    {
      "kind": "books#volume",
      "id": "OyYeAAAAMAAJ",
      "etag": "YH4e24cMUN0",
      "selfLink": "https://books.googleapis.com/books/v1/volumes/OyYeAAAAMAAJ",
      "volumeInfo": {
        "title": "الجواهر الحسان في تفسير القرأن",
        "authors": [
          "ʻAbd al-Raḥmān Thaʻālibī"
        ],
        "publishedDate": "1985",
        "industryIdentifiers": [
          {
            "type": "OTHER",
            "identifier": "UOM:39015047681450"
          }
        ],
        "readingModes": {
          "text": false,
          "image": false
        },
        "pageCount": 730,
        "printType": "BOOK",
        "categories": [
          "Koran"
        ],
        "maturityRating": "NOT_MATURE",
        "allowAnonLogging": false,
        "contentVersion": "0.12.3.0.preview.0",
        "panelizationSummary": {
          "containsEpubBubbles": false,
          "containsImageBubbles": false
        },
        "imageLinks": {
          "smallThumbnail": "http://books.google.com/books/content?id=OyYeAAAAMAAJ&printsec=frontcover&img=1&zoom=5&source=gbs_api",
          "thumbnail": "http://books.google.com/books/content?id=OyYeAAAAMAAJ&printsec=frontcover&img=1&zoom=1&source=gbs_api"
        },
        "language": "ar",
        "previewLink": "http://books.google.com/books?id=OyYeAAAAMAAJ&q=%D9%81%D8%B3%D9%8A%D8%B1+%D8%A7%D9%84%D9%82%D8%B1%D8%A3%D9%86&dq=%D9%81%D8%B3%D9%8A%D8%B1+%D8%A7%D9%84%D9%82%D8%B1%D8%A3%D9%86&hl=&as_pt=BOOKS&cd=15&source=gbs_api",
        "infoLink": "http://books.google.com/books?id=OyYeAAAAMAAJ&dq=%D9%81%D8%B3%D9%8A%D8%B1+%D8%A7%D9%84%D9%82%D8%B1%D8%A3%D9%86&hl=&as_pt=BOOKS&source=gbs_api",
        "canonicalVolumeLink": "https://books.google.com/books/about/%D8%A7%D9%84%D8%AC%D9%88%D8%A7%D9%87%D8%B1_%D8%A7%D9%84%D8%AD%D8%B3%D8%A7%D9%86_%D9%81%D9%8A_%D8%AA%D9%81%D8%B3.html?hl=&id=OyYeAAAAMAAJ"
      },
      "saleInfo": {
        "country": "PS",
        "saleability": "NOT_FOR_SALE",
        "isEbook": false
      },
      "accessInfo": {
        "country": "PS",
        "viewability": "NO_PAGES",
        "embeddable": false,
        "publicDomain": false,
        "textToSpeechPermission": "ALLOWED",
        "epub": {
          "isAvailable": false
        },
        "pdf": {
          "isAvailable": false
        },
        "webReaderLink": "http://play.google.com/books/reader?id=OyYeAAAAMAAJ&hl=&as_pt=BOOKS&source=gbs_api",
        "accessViewStatus": "NONE",
        "quoteSharingAllowed": false
      },
      "searchInfo": {
        "textSnippet": "... \u003cb\u003eوتفسير\u003c/b\u003e ذلك في قوله صلى الله عليه وسلم « إن في الجنة شجرة يسير الراكب الجواد المضمر في ظلها مائة سنة لا يقطعها \u003cb\u003eواقرأوا\u003c/b\u003e إن شئتم وظل ممدود إلى غير هذا من الأحاديث في هذا المعنى . ( ت ) وفي صحيحي البخاري ومسلم عن النبي ... \u003cb\u003eتفسير القرآن\u003c/b\u003e 348."
      }
    },
    {
      "kind": "books#volume",
      "id": "RzfZDgAAQBAJ",
      "etag": "/VqExu8ffdQ",
      "selfLink": "https://books.googleapis.com/books/v1/volumes/RzfZDgAAQBAJ",
      "volumeInfo": {
        "title": "مبادئ الاعمال المصرفية",
        "authors": [
          "الدكتور لقمان مصطفى سعيد",
          "دار الكتاب الثقافي"
        ],
        "publisher": "Dar Alketab Althaqafee for Publishing",
        "description": "ويَهمّني في هذا البحث الكشف عن نظرية البحث الدلالي، من خلال لمح العلاقة الوثقى بين الألفاظ ومعانيها. والعلة الكامنة وراء اختياري للقصّة القرآنية هي ما تمثلهُ تلك القصص من قيم رفيعة، تؤصِّل في الإنسان عقائدهُ وأفكارهُ وأنماط سلوكهِ ممّا يدخلُ في اعتبار القرآن الكريم، بوصفهِ كتابَ هداية وإرشاد.",
        "industryIdentifiers": [
          {
            "type": "ISBN_13",
            "identifier": "9789957550424"
          },
          {
            "type": "ISBN_10",
            "identifier": "995755042X"
          }
        ],
        "readingModes": {
          "text": false,
          "image": true
        },
        "pageCount": 184,
        "printType": "BOOK",
        "maturityRating": "NOT_MATURE",
        "allowAnonLogging": false,
        "contentVersion": "0.2.0.0.preview.1",
        "panelizationSummary": {
          "containsEpubBubbles": false,
          "containsImageBubbles": false
        },
        "imageLinks": {
          "smallThumbnail": "http://books.google.com/books/content?id=RzfZDgAAQBAJ&printsec=frontcover&img=1&zoom=5&edge=curl&source=gbs_api",
          "thumbnail": "http://books.google.com/books/content?id=RzfZDgAAQBAJ&printsec=frontcover&img=1&zoom=1&edge=curl&source=gbs_api"
        },
        "language": "ar",
        "previewLink": "http://books.google.com/books?id=RzfZDgAAQBAJ&pg=PT91&dq=%D9%81%D8%B3%D9%8A%D8%B1+%D8%A7%D9%84%D9%82%D8%B1%D8%A3%D9%86&hl=&as_pt=BOOKS&cd=16&source=gbs_api",
        "infoLink": "http://books.google.com/books?id=RzfZDgAAQBAJ&dq=%D9%81%D8%B3%D9%8A%D8%B1+%D8%A7%D9%84%D9%82%D8%B1%D8%A3%D9%86&hl=&as_pt=BOOKS&source=gbs_api",
        "canonicalVolumeLink": "https://books.google.com/books/about/%D9%85%D8%A8%D8%A7%D8%AF%D8%A6_%D8%A7%D9%84%D8%A7%D8%B9%D9%85%D8%A7%D9%84_%D8%A7%D9%84%D9%85%D8%B5%D8%B1%D9%81%D9%8A.html?hl=&id=RzfZDgAAQBAJ"
      },
      "saleInfo": {
        "country": "PS",
        "saleability": "NOT_FOR_SALE",
        "isEbook": false
      },
      "accessInfo": {
        "country": "PS",
        "viewability": "PARTIAL",
        "embeddable": true,
        "publicDomain": false,
        "textToSpeechPermission": "ALLOWED",
        "epub": {
          "isAvailable": false
        },
        "pdf": {
          "isAvailable": true,
          "acsTokenLink": "http://books.google.com/books/download/%D9%85%D8%A8%D8%A7%D8%AF%D8%A6_%D8%A7%D9%84%D8%A7%D8%B9%D9%85%D8%A7%D9%84_%D8%A7%D9%84%D9%85%D8%B5%D8%B1%D9%81%D9%8A-sample-pdf.acsm?id=RzfZDgAAQBAJ&format=pdf&output=acs4_fulfillment_token&dl_type=sample&source=gbs_api"
        },
        "webReaderLink": "http://play.google.com/books/reader?id=RzfZDgAAQBAJ&hl=&as_pt=BOOKS&source=gbs_api",
        "accessViewStatus": "SAMPLE",
        "quoteSharingAllowed": false
      },
      "searchInfo": {
        "textSnippet": "... ومعانيها ضمن القصص القرآني ، ورأيت انه لا حاجة من الاستمرار في ذكر الأمثلة المكرّرة ، لأنّ الأمر آنذاك لا يعدو ... \u003cb\u003eتفسير القرآن\u003c/b\u003e العظيم ١ / ١٧٤ . ( ۲ ) ينظر : السور المدنية ( دراسة بلاغية وأسلوبية ) ١٧٥ . وتزخر النصوص القصصية في&nbsp;..."
      }
    },
    {
      "kind": "books#volume",
      "id": "rxlxDwAAQBAJ",
      "etag": "tdJheV1A+dQ",
      "selfLink": "https://books.googleapis.com/books/v1/volumes/rxlxDwAAQBAJ",
      "volumeInfo": {
        "title": "تفسير ابن عربي - تفسير القرآن الكريم 1-2 ج1",
        "authors": [
          "محيي الدين محمد علي محمد/ابن عربي الحاتمي"
        ],
        "publisher": "Dar Al Kotob Al Ilmiyah دار الكتب العلمية",
        "publishedDate": "2010-01-01",
        "description": "صنف الشيخ الأكبر تفسيره على أسلوب التفسير الإشاري قال: ( رأيت أن أعلق ... من أسرار حقائق البطون وأنوار شوارق المطلعات دون ما يتعلق بالظواهر والحدود) فهو ليس بديلا عن الظواهر (لكنها أنموذج لاهل الذوق والوجدان يحتذون على حذوها عند تلاوة القرآن) على سبيل الا",
        "industryIdentifiers": [
          {
            "type": "ISBN_13",
            "identifier": "9782745133427"
          },
          {
            "type": "ISBN_10",
            "identifier": "274513342X"
          }
        ],
        "readingModes": {
          "text": false,
          "image": true
        },
        "pageCount": 436,
        "printType": "BOOK",
        "categories": [
          "Religion"
        ],
        "maturityRating": "NOT_MATURE",
        "allowAnonLogging": true,
        "contentVersion": "0.2.1.0.preview.1",
        "panelizationSummary": {
          "containsEpubBubbles": false,
          "containsImageBubbles": false
        },
        "imageLinks": {
          "smallThumbnail": "http://books.google.com/books/content?id=rxlxDwAAQBAJ&printsec=frontcover&img=1&zoom=5&edge=curl&source=gbs_api",
          "thumbnail": "http://books.google.com/books/content?id=rxlxDwAAQBAJ&printsec=frontcover&img=1&zoom=1&edge=curl&source=gbs_api"
        },
        "language": "ar",
        "previewLink": "http://books.google.com/books?id=rxlxDwAAQBAJ&printsec=frontcover&dq=%D9%81%D8%B3%D9%8A%D8%B1+%D8%A7%D9%84%D9%82%D8%B1%D8%A3%D9%86&hl=&as_pt=BOOKS&cd=17&source=gbs_api",
        "infoLink": "http://books.google.com/books?id=rxlxDwAAQBAJ&dq=%D9%81%D8%B3%D9%8A%D8%B1+%D8%A7%D9%84%D9%82%D8%B1%D8%A3%D9%86&hl=&as_pt=BOOKS&source=gbs_api",
        "canonicalVolumeLink": "https://books.google.com/books/about/%D8%AA%D9%81%D8%B3%D9%8A%D8%B1_%D8%A7%D8%A8%D9%86_%D8%B9%D8%B1%D8%A8%D9%8A_%D8%AA%D9%81%D8%B3%D9%8A%D8%B1_%D8%A7.html?hl=&id=rxlxDwAAQBAJ"
      },
      "saleInfo": {
        "country": "PS",
        "saleability": "NOT_FOR_SALE",
        "isEbook": false
      },
      "accessInfo": {
        "country": "PS",
        "viewability": "PARTIAL",
        "embeddable": true,
        "publicDomain": false,
        "textToSpeechPermission": "ALLOWED",
        "epub": {
          "isAvailable": false
        },
        "pdf": {
          "isAvailable": true,
          "acsTokenLink": "http://books.google.com/books/download/%D8%AA%D9%81%D8%B3%D9%8A%D8%B1_%D8%A7%D8%A8%D9%86_%D8%B9%D8%B1%D8%A8%D9%8A_%D8%AA%D9%81%D8%B3%D9%8A%D8%B1_%D8%A7-sample-pdf.acsm?id=rxlxDwAAQBAJ&format=pdf&output=acs4_fulfillment_token&dl_type=sample&source=gbs_api"
        },
        "webReaderLink": "http://play.google.com/books/reader?id=rxlxDwAAQBAJ&hl=&as_pt=BOOKS&source=gbs_api",
        "accessViewStatus": "SAMPLE",
        "quoteSharingAllowed": false
      },
      "searchInfo": {
        "textSnippet": "صنف الشيخ الأكبر تفسيره على أسلوب التفسير الإشاري قال: ( رأيت أن أعلق ... من أسرار حقائق البطون وأنوار شوارق المطلعات دون ما يتعلق ..."
      }
    },
    {
      "kind": "books#volume",
      "id": "VaxeDwAAQBAJ",
      "etag": "uSKyvGwqi7c",
      "selfLink": "https://books.googleapis.com/books/v1/volumes/VaxeDwAAQBAJ",
      "volumeInfo": {
        "title": "دراسات عن القرأن الكريم",
        "authors": [
          "د. محمد عمارة"
        ],
        "publisher": "نيوبوك للنشر والتوزيع",
        "publishedDate": "2017-01-02",
        "readingModes": {
          "text": false,
          "image": true
        },
        "pageCount": 222,
        "printType": "BOOK",
        "categories": [
          "Religion"
        ],
        "maturityRating": "NOT_MATURE",
        "allowAnonLogging": false,
        "contentVersion": "0.2.2.0.preview.1",
        "panelizationSummary": {
          "containsEpubBubbles": false,
          "containsImageBubbles": false
        },
        "imageLinks": {
          "smallThumbnail": "http://books.google.com/books/content?id=VaxeDwAAQBAJ&printsec=frontcover&img=1&zoom=5&edge=curl&source=gbs_api",
          "thumbnail": "http://books.google.com/books/content?id=VaxeDwAAQBAJ&printsec=frontcover&img=1&zoom=1&edge=curl&source=gbs_api"
        },
        "language": "ar",
        "previewLink": "http://books.google.com/books?id=VaxeDwAAQBAJ&pg=PA127&dq=%D9%81%D8%B3%D9%8A%D8%B1+%D8%A7%D9%84%D9%82%D8%B1%D8%A3%D9%86&hl=&as_pt=BOOKS&cd=18&source=gbs_api",
        "infoLink": "http://books.google.com/books?id=VaxeDwAAQBAJ&dq=%D9%81%D8%B3%D9%8A%D8%B1+%D8%A7%D9%84%D9%82%D8%B1%D8%A3%D9%86&hl=&as_pt=BOOKS&source=gbs_api",
        "canonicalVolumeLink": "https://books.google.com/books/about/%D8%AF%D8%B1%D8%A7%D8%B3%D8%A7%D8%AA_%D8%B9%D9%86_%D8%A7%D9%84%D9%82%D8%B1%D8%A3%D9%86_%D8%A7%D9%84%D9%83%D8%B1.html?hl=&id=VaxeDwAAQBAJ"
      },
      "saleInfo": {
        "country": "PS",
        "saleability": "NOT_FOR_SALE",
        "isEbook": false
      },
      "accessInfo": {
        "country": "PS",
        "viewability": "PARTIAL",
        "embeddable": true,
        "publicDomain": false,
        "textToSpeechPermission": "ALLOWED",
        "epub": {
          "isAvailable": false
        },
        "pdf": {
          "isAvailable": true,
          "acsTokenLink": "http://books.google.com/books/download/%D8%AF%D8%B1%D8%A7%D8%B3%D8%A7%D8%AA_%D8%B9%D9%86_%D8%A7%D9%84%D9%82%D8%B1%D8%A3%D9%86_%D8%A7%D9%84%D9%83%D8%B1-sample-pdf.acsm?id=VaxeDwAAQBAJ&format=pdf&output=acs4_fulfillment_token&dl_type=sample&source=gbs_api"
        },
        "webReaderLink": "http://play.google.com/books/reader?id=VaxeDwAAQBAJ&hl=&as_pt=BOOKS&source=gbs_api",
        "accessViewStatus": "SAMPLE",
        "quoteSharingAllowed": false
      },
      "searchInfo": {
        "textSnippet": "... \u003cb\u003eبالتفسير\u003c/b\u003e هى أن مفسر \u003cb\u003eالقرآن\u003c/b\u003e لا يعد \u003cb\u003eتفسيره\u003c/b\u003e لمعاني \u003cb\u003eالقرآن\u003c/b\u003e بالغًا حد الكمال فى غرضه ما لم يكن مشتملا على بيان دقائق من وجوه البلاغة فى آيه المفسرة بمقدار ما تسمو إليه الهمة من تطويل واختصار ، فالمفسر بحاجة إلى بيان ما فى أى \u003cb\u003eالقرآن\u003c/b\u003e من طرق&nbsp;..."
      }
    },
    {
      "kind": "books#volume",
      "id": "CFDgAAAAMAAJ",
      "etag": "8k5TedyZ0c4",
      "selfLink": "https://books.googleapis.com/books/v1/volumes/CFDgAAAAMAAJ",
      "volumeInfo": {
        "title": "حلية الناجي",
        "authors": [
          "كزلحصاري، مصطفى بن محمد،"
        ],
        "publishedDate": "1904",
        "industryIdentifiers": [
          {
            "type": "OTHER",
            "identifier": "PRNC:32101076412673"
          }
        ],
        "readingModes": {
          "text": false,
          "image": true
        },
        "pageCount": 578,
        "printType": "BOOK",
        "averageRating": 5,
        "ratingsCount": 1,
        "maturityRating": "NOT_MATURE",
        "allowAnonLogging": false,
        "contentVersion": "0.5.7.0.full.1",
        "panelizationSummary": {
          "containsEpubBubbles": false,
          "containsImageBubbles": false
        },
        "imageLinks": {
          "smallThumbnail": "http://books.google.com/books/content?id=CFDgAAAAMAAJ&printsec=frontcover&img=1&zoom=5&edge=curl&source=gbs_api",
          "thumbnail": "http://books.google.com/books/content?id=CFDgAAAAMAAJ&printsec=frontcover&img=1&zoom=1&edge=curl&source=gbs_api"
        },
        "language": "ar",
        "previewLink": "http://books.google.com/books?id=CFDgAAAAMAAJ&pg=PA68&dq=%D9%81%D8%B3%D9%8A%D8%B1+%D8%A7%D9%84%D9%82%D8%B1%D8%A3%D9%86&hl=&as_pt=BOOKS&cd=19&source=gbs_api",
        "infoLink": "https://play.google.com/store/books/details?id=CFDgAAAAMAAJ&source=gbs_api",
        "canonicalVolumeLink": "https://play.google.com/store/books/details?id=CFDgAAAAMAAJ"
      },
      "saleInfo": {
        "country": "PS",
        "saleability": "FREE",
        "isEbook": true,
        "buyLink": "https://play.google.com/store/books/details?id=CFDgAAAAMAAJ&rdid=book-CFDgAAAAMAAJ&rdot=1&source=gbs_api"
      },
      "accessInfo": {
        "country": "PS",
        "viewability": "ALL_PAGES",
        "embeddable": true,
        "publicDomain": true,
        "textToSpeechPermission": "ALLOWED",
        "epub": {
          "isAvailable": false,
          "downloadLink": "http://books.google.com/books/download/%D8%AD%D9%84%D9%8A%D8%A9_%D8%A7%D9%84%D9%86%D8%A7%D8%AC%D9%8A.epub?id=CFDgAAAAMAAJ&hl=&output=epub&source=gbs_api"
        },
        "pdf": {
          "isAvailable": false
        },
        "webReaderLink": "http://play.google.com/books/reader?id=CFDgAAAAMAAJ&hl=&as_pt=BOOKS&source=gbs_api",
        "accessViewStatus": "FULL_PUBLIC_DOMAIN",
        "quoteSharingAllowed": false
      },
      "searchInfo": {
        "textSnippet": "... \u003cb\u003eتفسير القرأن\u003c/b\u003e وكتب الفقه ) قال فى التنوير \u003cb\u003eوالتفسير\u003c/b\u003e كمصحف لا الكتب الشرعية قال في شرحه فانه رخص مسها باليد دون \u003cb\u003eالتفسير\u003c/b\u003e وفى الاشباه قدجوز اصحابنا مسكتب \u003cb\u003eالتفسير\u003c/b\u003e للمحدث ولم يفصلوا بين كون الاكثر \u003cb\u003eقرأنا\u003c/b\u003e او \u003cb\u003eتفسيرا\u003c/b\u003e ولو قيل بعدم الفصل اعتبار&nbsp;..."
      }
    },
    {
      "kind": "books#volume",
      "id": "m7EDEAAAQBAJ",
      "etag": "3ObUS+ZXcoA",
      "selfLink": "https://books.googleapis.com/books/v1/volumes/m7EDEAAAQBAJ",
      "volumeInfo": {
        "title": "الأحد عشر كوكباً بين القرآن والسنة وعلم الفلك الحديث",
        "authors": [
          "أحمد فاروق أحمد حسن الدسوقي الفقي"
        ],
        "publisher": "أحمد فاروق أحمد حسن",
        "publishedDate": "2022-06-06",
        "description": "يمكن تنزيل الكتاب مجانا من مكتبة نور بالبحث داخلها هذا الكتاب فيه كشف قرآني جديد لسر فلكي في آيات القرآن في سورة يوسف يُشِيرُ إلى عدد كواكب المجموعة الشمسية التي لم تُكتشف كل عناصرها إلا في القرن العشرين، مما يعد آية جديدة من آيات الإعجاز العلمي في القرآن الكريم قد ذكرها القرآن قبل 1400 عام وهي الأن معلومةٌ مؤكدةٌ ومشاهدةٌ بالعين عند علماء الفلك حديثًا. وهذا الأمر قد أنكره بعض الناس حتى المختصين منهم في الإعجاز العلمي في القرآن والسنة مثل المهندس الشهير عبد الدائم كحيل في محاولة منه حسنة النية لتصحيح زلَّة عِلمية للدكتور زغلول النجار مشروحة بداخل هذا الكتاب، وذلك لأن عدد الكواكب لم تحدده آيات القرآن في سورة يوسف فقط بل إنه يوجد حديث نبوي لسيدنا محمد صلى الله عليه وسلم لا يذكر فيه عدد الكواكب فقط بل يذكر أهم خاصية فيزيائية وفلكية يتميز بها كل كوكب عن غيره وهي خواص لم تُكتشف كذلك إلا حديثًا، فمن أين جاء سيدنا محمد صلى الله عليه وسلم بهذا العلم الفِلكي الدقيق؟ لا توجد إلا إجابة واحدة وهي أنه جاء به من عند الله عز وجل خالق كل شيء والذي هو بكل شيء عليم وأن سيدنا محمد ص هو رسول الله بحق وأن القرآن هو الحق. والجديد الذي يميز هذا الكشف لهذا السر الفلكي عن باقي آيات الإعجاز العلمي في القرآن والسنة هو أن به بيانٌ حاسمٌ ونهائيٌ لفتن ظهرت في العالم الإسلامي تَزعُم أن الأحاديث النبوية المحمدية مُحَرَفَةٌ وغير محفوظة وأنه يجب ترك مصادرها وعدم الثقة والإيمان بها، وذلك أن الإمام جلال الدين السيوطي رحمه الله قد قام بتصحيح الحديث النبوي من سيدنا رسول الله صلى الله عليه وسلم شخصيًا، بالطبع هذا أمر غريب ولكنه حقيقي وهذا ما قاله الإمام السيوطي بنفسه وهو إمام مؤمن ثقة لا يُتصور في حقه أن يكذب على سيدنا رسول الله صلى الله عليه وسلم والحديث موضوع هذا الكتاب الخاص بعدد وخواص الكواكب يؤكد صدقه في هذا الأمر. كما يوجد بالكتاب مقالة لوالدي الأستاذ الدكتور فاروق الدسوقي رحمه الله تُثبِت بآيات من القرآن فقط أن الله عزوجل قد تكفل بحفظ أحاديث رسول الله صلى الله عليه وسلم وهو الرد الدامغ على من يكذبون بها ويتسمون بالقرآنيين وما هم إلا مكذبين بالأحاديث النبوية.",
        "readingModes": {
          "text": false,
          "image": true
        },
        "pageCount": 900,
        "printType": "BOOK",
        "categories": [
          "Antiques & Collectibles"
        ],
        "averageRating": 5,
        "ratingsCount": 1,
        "maturityRating": "NOT_MATURE",
        "allowAnonLogging": true,
        "contentVersion": "0.3.4.0.preview.1",
        "panelizationSummary": {
          "containsEpubBubbles": false,
          "containsImageBubbles": false
        },
        "imageLinks": {
          "smallThumbnail": "http://books.google.com/books/content?id=m7EDEAAAQBAJ&printsec=frontcover&img=1&zoom=5&edge=curl&source=gbs_api",
          "thumbnail": "http://books.google.com/books/content?id=m7EDEAAAQBAJ&printsec=frontcover&img=1&zoom=1&edge=curl&source=gbs_api"
        },
        "language": "ar",
        "previewLink": "http://books.google.com/books?id=m7EDEAAAQBAJ&pg=PT621&dq=%D9%81%D8%B3%D9%8A%D8%B1+%D8%A7%D9%84%D9%82%D8%B1%D8%A3%D9%86&hl=&as_pt=BOOKS&cd=20&source=gbs_api",
        "infoLink": "http://books.google.com/books?id=m7EDEAAAQBAJ&dq=%D9%81%D8%B3%D9%8A%D8%B1+%D8%A7%D9%84%D9%82%D8%B1%D8%A3%D9%86&hl=&as_pt=BOOKS&source=gbs_api",
        "canonicalVolumeLink": "https://books.google.com/books/about/%D8%A7%D9%84%D8%A3%D8%AD%D8%AF_%D8%B9%D8%B4%D8%B1_%D9%83%D9%88%D9%83%D8%A8%D8%A7%D9%8B_%D8%A8%D9%8A%D9%86_%D8%A7.html?hl=&id=m7EDEAAAQBAJ"
      },
      "saleInfo": {
        "country": "PS",
        "saleability": "NOT_FOR_SALE",
        "isEbook": false
      },
      "accessInfo": {
        "country": "PS",
        "viewability": "ALL_PAGES",
        "embeddable": true,
        "publicDomain": false,
        "textToSpeechPermission": "ALLOWED",
        "epub": {
          "isAvailable": false
        },
        "pdf": {
          "isAvailable": true
        },
        "webReaderLink": "http://play.google.com/books/reader?id=m7EDEAAAQBAJ&hl=&as_pt=BOOKS&source=gbs_api",
        "accessViewStatus": "SAMPLE",
        "quoteSharingAllowed": false
      },
      "searchInfo": {
        "textSnippet": "... \u003cb\u003eللقرآن\u003c/b\u003e الكريم وبدوها سنتوه ونضل الطريق في \u003cb\u003eتفسير القرآن\u003c/b\u003e الكريم وفي معرفة مراد الله من كلماته وآياته ، فإن الحديث النبوي الشريف السابق عرضه آنا ما هو إلا \u003cb\u003eتفسير\u003c/b\u003e الآيات القرآنية التالية التي جمع الله فيها بين ذكر البروج ( الكواكب والشمس&nbsp;..."
      }
    },
    {
      "kind": "books#volume",
      "id": "Tu4u2s_kfgcC",
      "etag": "5/dBY96QrOA",
      "selfLink": "https://books.googleapis.com/books/v1/volumes/Tu4u2s_kfgcC",
      "volumeInfo": {
        "title": "“كتاب” جامع البيان فى تفسير القرآن",
        "authors": [
          "“ال”طبري،"
        ],
        "publishedDate": "1905",
        "industryIdentifiers": [
          {
            "type": "OTHER",
            "identifier": "NLI:2033574-90"
          }
        ],
        "readingModes": {
          "text": false,
          "image": false
        },
        "pageCount": 596,
        "printType": "BOOK",
        "maturityRating": "NOT_MATURE",
        "allowAnonLogging": false,
        "contentVersion": "0.4.5.0.preview.0",
        "panelizationSummary": {
          "containsEpubBubbles": false,
          "containsImageBubbles": false
        },
        "imageLinks": {
          "smallThumbnail": "http://books.google.com/books/content?id=Tu4u2s_kfgcC&printsec=frontcover&img=1&zoom=5&source=gbs_api",
          "thumbnail": "http://books.google.com/books/content?id=Tu4u2s_kfgcC&printsec=frontcover&img=1&zoom=1&source=gbs_api"
        },
        "language": "ar",
        "previewLink": "http://books.google.com/books?id=Tu4u2s_kfgcC&q=%D9%81%D8%B3%D9%8A%D8%B1+%D8%A7%D9%84%D9%82%D8%B1%D8%A3%D9%86&dq=%D9%81%D8%B3%D9%8A%D8%B1+%D8%A7%D9%84%D9%82%D8%B1%D8%A3%D9%86&hl=&as_pt=BOOKS&cd=21&source=gbs_api",
        "infoLink": "http://books.google.com/books?id=Tu4u2s_kfgcC&dq=%D9%81%D8%B3%D9%8A%D8%B1+%D8%A7%D9%84%D9%82%D8%B1%D8%A3%D9%86&hl=&as_pt=BOOKS&source=gbs_api",
        "canonicalVolumeLink": "https://books.google.com/books/about/%D9%83%D8%AA%D8%A7%D8%A8_%D8%AC%D8%A7%D9%85%D8%B9_%D8%A7%D9%84%D8%A8%D9%8A%D8%A7%D9%86_%D9%81%D9%89_%D8%AA%D9%81.html?hl=&id=Tu4u2s_kfgcC"
      },
      "saleInfo": {
        "country": "PS",
        "saleability": "NOT_FOR_SALE",
        "isEbook": false
      },
      "accessInfo": {
        "country": "PS",
        "viewability": "NO_PAGES",
        "embeddable": false,
        "publicDomain": false,
        "textToSpeechPermission": "ALLOWED",
        "epub": {
          "isAvailable": false
        },
        "pdf": {
          "isAvailable": false
        },
        "webReaderLink": "http://play.google.com/books/reader?id=Tu4u2s_kfgcC&hl=&as_pt=BOOKS&source=gbs_api",
        "accessViewStatus": "NONE",
        "quoteSharingAllowed": false
      },
      "searchInfo": {
        "textSnippet": "... \u003cb\u003eللقرآن\u003c/b\u003e والاضمار قبل الذكر تفخيم له كأنه قيل وما تتلو من التنزيل من ... \u003cb\u003eالقرأن\u003c/b\u003e قال ثنا اسحق قال ثنا محمد بن حرب قال ثنا ابن لهيعة عن خالد بن يزيد عن ... المعاني من بشرى الله اياه لفظ مثقال لانه في موضع الحر في الحياة الدنيا بشره&nbsp;..."
      }
    },
    {
      "kind": "books#volume",
      "id": "Nf-KCgAAQBAJ",
      "etag": "+zmMieRGaEA",
      "selfLink": "https://books.googleapis.com/books/v1/volumes/Nf-KCgAAQBAJ",
      "volumeInfo": {
        "title": "بلاغة الحذف التركيبي في القرأن الكريم",
        "authors": [
          "عدنان الأسعد"
        ],
        "publisher": "Al Manhal",
        "publishedDate": "2012-01-01",
        "description": "لقد انفردت العربيةُ بخصائص كثيرة ميّزتها عن سائر اللغات الأخرى، من ذلك ديمومتها وحيويتها على مرّ العصور, فضلاً عن قوة أساليبها وتنوّع طرقها ووفرتها اللغوية والصوتية من مترادفات وأضداد ومثلثات وغيرها، بالإضافة إلى إعجازها البلاغي الذي يأتي الحذف في مقدمتها، لأغراض يدعو إليها البيان، مع وفاء المعاني وبُعدِ المرامي. واللغة العربية بطبيعتها لغةُ إيجاز واقتصاد، هذا الإيجاز الذي يُعدّ البلاغة بعينها فقد أجاب صُحَار بن عباس العبدي (ت40هـ) عندما سُئل: ما تعدون البلاغة فيكم؟ قال: الإيجاز. قال له: وما الإيجاز؟ قال صُحَار: أن تجيب فلا تبطئ، وتقول فلا تخطئ. وأكثر طرق الإيجاز بلاغة وانتشاراً الحذف, الذي يُعد من أكثر الأساليب دقة وحكمة, وأحسنها بلاغة, وأغزرها معنىً, فبه يبلغ الكلام ما لا يبلغه عند الذكر والإطالة, وبه يكون أوقع وأبلغ وهذه هي غاية البلاغة المتمثلة في استثمار أقل ما يمكن من الألفاظ في أكثر ما يمكن من المعاني, فضلاً عمّا يحدثه في نفس المتلقي من تنبيه الى البحث عن المحذوف, فيجعله يتجاوب مع ما يقرأ, فترسخ المعلومة في نفسه ويقل نسيانه, وهذا مطلب من مطالب الحذف في القرآن الكريم. Descriptor(s): THE HOLY KORAN | RHETORIC | SYNTAX OF KORAN | ELOQUENCE | SIMILE",
        "industryIdentifiers": [
          {
            "type": "ISBN_13",
            "identifier": "9796500131054"
          }
        ],
        "readingModes": {
          "text": false,
          "image": true
        },
        "pageCount": 208,
        "printType": "BOOK",
        "categories": [
          "Religion"
        ],
        "maturityRating": "NOT_MATURE",
        "allowAnonLogging": false,
        "contentVersion": "0.3.2.0.preview.1",
        "panelizationSummary": {
          "containsEpubBubbles": false,
          "containsImageBubbles": false
        },
        "imageLinks": {
          "smallThumbnail": "http://books.google.com/books/content?id=Nf-KCgAAQBAJ&printsec=frontcover&img=1&zoom=5&edge=curl&source=gbs_api",
          "thumbnail": "http://books.google.com/books/content?id=Nf-KCgAAQBAJ&printsec=frontcover&img=1&zoom=1&edge=curl&source=gbs_api"
        },
        "language": "ar",
        "previewLink": "http://books.google.com/books?id=Nf-KCgAAQBAJ&pg=PT59&dq=%D9%81%D8%B3%D9%8A%D8%B1+%D8%A7%D9%84%D9%82%D8%B1%D8%A3%D9%86&hl=&as_pt=BOOKS&cd=22&source=gbs_api",
        "infoLink": "http://books.google.com/books?id=Nf-KCgAAQBAJ&dq=%D9%81%D8%B3%D9%8A%D8%B1+%D8%A7%D9%84%D9%82%D8%B1%D8%A3%D9%86&hl=&as_pt=BOOKS&source=gbs_api",
        "canonicalVolumeLink": "https://books.google.com/books/about/%D8%A8%D9%84%D8%A7%D8%BA%D8%A9_%D8%A7%D9%84%D8%AD%D8%B0%D9%81_%D8%A7%D9%84%D8%AA%D8%B1%D9%83%D9%8A%D8%A8%D9%8A.html?hl=&id=Nf-KCgAAQBAJ"
      },
      "saleInfo": {
        "country": "PS",
        "saleability": "NOT_FOR_SALE",
        "isEbook": false
      },
      "accessInfo": {
        "country": "PS",
        "viewability": "PARTIAL",
        "embeddable": true,
        "publicDomain": false,
        "textToSpeechPermission": "ALLOWED",
        "epub": {
          "isAvailable": false
        },
        "pdf": {
          "isAvailable": true,
          "acsTokenLink": "http://books.google.com/books/download/%D8%A8%D9%84%D8%A7%D8%BA%D8%A9_%D8%A7%D9%84%D8%AD%D8%B0%D9%81_%D8%A7%D9%84%D8%AA%D8%B1%D9%83%D9%8A%D8%A8%D9%8A-sample-pdf.acsm?id=Nf-KCgAAQBAJ&format=pdf&output=acs4_fulfillment_token&dl_type=sample&source=gbs_api"
        },
        "webReaderLink": "http://play.google.com/books/reader?id=Nf-KCgAAQBAJ&hl=&as_pt=BOOKS&source=gbs_api",
        "accessViewStatus": "SAMPLE",
        "quoteSharingAllowed": false
      },
      "searchInfo": {
        "textSnippet": "... \u003cb\u003eتفسير القرآن\u003c/b\u003e العظيم : ١٠٢٨ . ( 2 ) نظم الدرر : ١٠ / ٤١١ . ( 3 ) الكشاف : ٥٥١ . ( 4 ) \u003cb\u003eالتفسير\u003c/b\u003e الكبير : ١٩ / ١١٩ . ( 5 ) في ظلال \u003cb\u003eالقرآن\u003c/b\u003e : ٤ / ٢٠٩٩ . وفي كلمة ( طيبة ) استعارة تمثيلية تعمق جمالية هذه. ۵۹ بلاغة الحذف التركيبي في \u003cb\u003eالقرآن\u003c/b\u003e الكريم."
      }
    },
    {
      "kind": "books#volume",
      "id": "_h4-AAAAcAAJ",
      "etag": "aowZwQGDCE8",
      "selfLink": "https://books.googleapis.com/books/v1/volumes/_h4-AAAAcAAJ",
      "volumeInfo": {
        "title": "Ḥilyat an-nāǧī",
        "authors": [
          "Güzelhisari"
        ],
        "publishedDate": "1828",
        "industryIdentifiers": [
          {
            "type": "OTHER",
            "identifier": "BSB:BSB10249514"
          }
        ],
        "readingModes": {
          "text": false,
          "image": true
        },
        "pageCount": 890,
        "printType": "BOOK",
        "maturityRating": "NOT_MATURE",
        "allowAnonLogging": false,
        "contentVersion": "0.4.6.0.full.1",
        "panelizationSummary": {
          "containsEpubBubbles": false,
          "containsImageBubbles": false
        },
        "imageLinks": {
          "smallThumbnail": "http://books.google.com/books/content?id=_h4-AAAAcAAJ&printsec=frontcover&img=1&zoom=5&edge=curl&source=gbs_api",
          "thumbnail": "http://books.google.com/books/content?id=_h4-AAAAcAAJ&printsec=frontcover&img=1&zoom=1&edge=curl&source=gbs_api"
        },
        "language": "ar",
        "previewLink": "http://books.google.com/books?id=_h4-AAAAcAAJ&pg=PA102&dq=%D9%81%D8%B3%D9%8A%D8%B1+%D8%A7%D9%84%D9%82%D8%B1%D8%A3%D9%86&hl=&as_pt=BOOKS&cd=23&source=gbs_api",
        "infoLink": "https://play.google.com/store/books/details?id=_h4-AAAAcAAJ&source=gbs_api",
        "canonicalVolumeLink": "https://play.google.com/store/books/details?id=_h4-AAAAcAAJ"
      },
      "saleInfo": {
        "country": "PS",
        "saleability": "FREE",
        "isEbook": true,
        "buyLink": "https://play.google.com/store/books/details?id=_h4-AAAAcAAJ&rdid=book-_h4-AAAAcAAJ&rdot=1&source=gbs_api"
      },
      "accessInfo": {
        "country": "PS",
        "viewability": "ALL_PAGES",
        "embeddable": true,
        "publicDomain": true,
        "textToSpeechPermission": "ALLOWED",
        "epub": {
          "isAvailable": false,
          "downloadLink": "http://books.google.com/books/download/%E1%B8%A4ilyat_an_n%C4%81%C7%A7%C4%AB.epub?id=_h4-AAAAcAAJ&hl=&output=epub&source=gbs_api"
        },
        "pdf": {
          "isAvailable": true,
          "downloadLink": "http://books.google.com/books/download/%E1%B8%A4ilyat_an_n%C4%81%C7%A7%C4%AB.pdf?id=_h4-AAAAcAAJ&hl=&output=pdf&sig=ACfU3U05-N2WYL9zBuSTF518dOKQFp6vgA&source=gbs_api"
        },
        "webReaderLink": "http://play.google.com/books/reader?id=_h4-AAAAcAAJ&hl=&as_pt=BOOKS&source=gbs_api",
        "accessViewStatus": "FULL_PUBLIC_DOMAIN",
        "quoteSharingAllowed": false
      },
      "searchInfo": {
        "textSnippet": "... \u003cb\u003eتفسير القرآن\u003c/b\u003e وكتب الفقه قال فى التنوير \u003cb\u003eوالتفسير\u003c/b\u003e كصحف لا الكتب الشرعية * قال في شرحه فانه رخص مسها باليد دون \u003cb\u003eالتفسير\u003c/b\u003e * وفي الاشباه قد جوز اصحا بنا مس كتب \u003cb\u003eالتفسير\u003c/b\u003e للمحدث ولم يفصلوا بين كون الأكثر \u003cb\u003eقرأنا\u003c/b\u003e اوتفسيرا ولو قيل بعدم الفصل اعتبارا&nbsp;..."
      }
    },
    {
      "kind": "books#volume",
      "id": "tocyAQAAMAAJ",
      "etag": "OmSEo7bquM4",
      "selfLink": "https://books.googleapis.com/books/v1/volumes/tocyAQAAMAAJ",
      "volumeInfo": {
        "title": "Ḥilyat al-nājī [ʻalá al-sharḥ al-Ḥalabī",
        "authors": [
          "Muṣṭafá ibn Muḥammad Kūzalḥiṣārī"
        ],
        "publishedDate": "1881",
        "description": "A commentary on Ibrāhīm al-Ḥalabī's commentary on al-Kashgharī's Munyat al-muṣallī.",
        "industryIdentifiers": [
          {
            "type": "OTHER",
            "identifier": "IND:30000115152344"
          }
        ],
        "readingModes": {
          "text": false,
          "image": true
        },
        "pageCount": 578,
        "printType": "BOOK",
        "categories": [
          "Prayer"
        ],
        "averageRating": 5,
        "ratingsCount": 1,
        "maturityRating": "NOT_MATURE",
        "allowAnonLogging": false,
        "contentVersion": "0.7.5.0.full.1",
        "panelizationSummary": {
          "containsEpubBubbles": false,
          "containsImageBubbles": false
        },
        "imageLinks": {
          "smallThumbnail": "http://books.google.com/books/content?id=tocyAQAAMAAJ&printsec=frontcover&img=1&zoom=5&edge=curl&source=gbs_api",
          "thumbnail": "http://books.google.com/books/content?id=tocyAQAAMAAJ&printsec=frontcover&img=1&zoom=1&edge=curl&source=gbs_api"
        },
        "language": "ar",
        "previewLink": "http://books.google.com/books?id=tocyAQAAMAAJ&pg=PA68&dq=%D9%81%D8%B3%D9%8A%D8%B1+%D8%A7%D9%84%D9%82%D8%B1%D8%A3%D9%86&hl=&as_pt=BOOKS&cd=24&source=gbs_api",
        "infoLink": "https://play.google.com/store/books/details?id=tocyAQAAMAAJ&source=gbs_api",
        "canonicalVolumeLink": "https://play.google.com/store/books/details?id=tocyAQAAMAAJ"
      },
      "saleInfo": {
        "country": "PS",
        "saleability": "FREE",
        "isEbook": true,
        "buyLink": "https://play.google.com/store/books/details?id=tocyAQAAMAAJ&rdid=book-tocyAQAAMAAJ&rdot=1&source=gbs_api"
      },
      "accessInfo": {
        "country": "PS",
        "viewability": "ALL_PAGES",
        "embeddable": true,
        "publicDomain": true,
        "textToSpeechPermission": "ALLOWED",
        "epub": {
          "isAvailable": false,
          "downloadLink": "http://books.google.com/books/download/%E1%B8%A4ilyat_al_n%C4%81j%C4%AB_%CA%BBal%C3%A1_al_shar%E1%B8%A5_al.epub?id=tocyAQAAMAAJ&hl=&output=epub&source=gbs_api"
        },
        "pdf": {
          "isAvailable": false
        },
        "webReaderLink": "http://play.google.com/books/reader?id=tocyAQAAMAAJ&hl=&as_pt=BOOKS&source=gbs_api",
        "accessViewStatus": "FULL_PUBLIC_DOMAIN",
        "quoteSharingAllowed": false
      },
      "searchInfo": {
        "textSnippet": "... \u003cb\u003eتفسير القرآن\u003c/b\u003e وكتب الفقه * قال في التنوير \u003cb\u003eوالتفسير\u003c/b\u003e كمصحف لا الكتب الشرعيـة قال في شرحه فانه رخص مسها باليد دون \u003cb\u003eالتفسير\u003c/b\u003e وفى الاشباه قدجوز اصحابنا مس كتب \u003cb\u003eالتفسير\u003c/b\u003e للمحدث ولم يفصلوا بين كون الأكثر \u003cb\u003eقرأنا\u003c/b\u003e اوتفسيرا ولوقيل بعدم الفصل اعتبارا&nbsp;..."
      }
    },
    {
      "kind": "books#volume",
      "id": "irlUAAAAcAAJ",
      "etag": "CHksIFKLqKg",
      "selfLink": "https://books.googleapis.com/books/v1/volumes/irlUAAAAcAAJ",
      "volumeInfo": {
        "title": "Ḥilyat an-nāǧī",
        "authors": [
          "Muṣṭafā Ibn Muḥammad Güzelḥiṣārı"
        ],
        "publishedDate": "1828",
        "industryIdentifiers": [
          {
            "type": "OTHER",
            "identifier": "ONB:+Z16669070X"
          }
        ],
        "readingModes": {
          "text": false,
          "image": true
        },
        "pageCount": 434,
        "printType": "BOOK",
        "maturityRating": "NOT_MATURE",
        "allowAnonLogging": false,
        "contentVersion": "0.8.7.0.full.1",
        "panelizationSummary": {
          "containsEpubBubbles": false,
          "containsImageBubbles": false
        },
        "imageLinks": {
          "smallThumbnail": "http://books.google.com/books/content?id=irlUAAAAcAAJ&printsec=frontcover&img=1&zoom=5&edge=curl&source=gbs_api",
          "thumbnail": "http://books.google.com/books/content?id=irlUAAAAcAAJ&printsec=frontcover&img=1&zoom=1&edge=curl&source=gbs_api"
        },
        "language": "ar",
        "previewLink": "http://books.google.com/books?id=irlUAAAAcAAJ&pg=PA102&dq=%D9%81%D8%B3%D9%8A%D8%B1+%D8%A7%D9%84%D9%82%D8%B1%D8%A3%D9%86&hl=&as_pt=BOOKS&cd=25&source=gbs_api",
        "infoLink": "https://play.google.com/store/books/details?id=irlUAAAAcAAJ&source=gbs_api",
        "canonicalVolumeLink": "https://play.google.com/store/books/details?id=irlUAAAAcAAJ"
      },
      "saleInfo": {
        "country": "PS",
        "saleability": "FREE",
        "isEbook": true,
        "buyLink": "https://play.google.com/store/books/details?id=irlUAAAAcAAJ&rdid=book-irlUAAAAcAAJ&rdot=1&source=gbs_api"
      },
      "accessInfo": {
        "country": "PS",
        "viewability": "ALL_PAGES",
        "embeddable": true,
        "publicDomain": true,
        "textToSpeechPermission": "ALLOWED",
        "epub": {
          "isAvailable": false,
          "downloadLink": "http://books.google.com/books/download/%E1%B8%A4ilyat_an_n%C4%81%C7%A7%C4%AB.epub?id=irlUAAAAcAAJ&hl=&output=epub&source=gbs_api"
        },
        "pdf": {
          "isAvailable": true,
          "downloadLink": "http://books.google.com/books/download/%E1%B8%A4ilyat_an_n%C4%81%C7%A7%C4%AB.pdf?id=irlUAAAAcAAJ&hl=&output=pdf&sig=ACfU3U3MSPS017PGETEt56sFuzbnRZQCsw&source=gbs_api"
        },
        "webReaderLink": "http://play.google.com/books/reader?id=irlUAAAAcAAJ&hl=&as_pt=BOOKS&source=gbs_api",
        "accessViewStatus": "FULL_PUBLIC_DOMAIN",
        "quoteSharingAllowed": false
      },
      "searchInfo": {
        "textSnippet": "... \u003cb\u003eتفسير القرآن\u003c/b\u003e وكتب الفقه قال فى التنوير \u003cb\u003eوالتفسير\u003c/b\u003e كصحف لا الكتب الشرعية * قال في شرحه فانه رخص منها باليد دون \u003cb\u003eالتفسير\u003c/b\u003e * وفي الاشباه قد جوز اصحا بنا مس كتب \u003cb\u003eالتفسير\u003c/b\u003e للمحدث ولم يفصلوا بين كون الأكثر \u003cb\u003eقرأنا\u003c/b\u003e او \u003cb\u003eتفسيرا\u003c/b\u003e ولو قيل بعدم الفصل اعتبارا&nbsp;..."
      }
    }
  ]
}
